BJ1A0W20AA;96,00;;OLEO PARA MOTOR 0W-20
BG5X6C315BACAR;1,00;;SENSOR FASE COMANDOMOTOR CUMMINS ISB 
E3BZ13008HZCAR;5,00;;FAROL
CM5Z6700E;2,00;;RETENTOR DIANTEIRO 
SAF63;1,00;;KIT SERVO EMBREAGEM 816 1119 FS4505A 
VMF50084N;1,00;;MANGUEIRA INTERCOOLER PRETA
F85B15402A16CA;10,00;;EMBLEMA FORD  CX.822409/19
D3BZ58253A11C;1,00;;GUARNICAO
BF6T/    7040/AB/;2,00;;DEFLETOR DE OLEO DO EIXO PILOTO
       5C459323DBCAR;1,00;;TUBO
E3B517A870BBCAR;1,00;;SUPORTE
9S6G6010B1ACAR;1,00;;BLOCO
BF0T10B300BA;1,00;;TENSIONADOR DE CORREIA MOTOR CUMMINS 6CTAA 8.3 6BTAA 5.9  ( ESTRIADO )
BE8Z3079CCAR;1,00;;BANDEJA
BH3X9601AA;2,00;;FILTRO AR EXTERNO FORD F250 F350 CARGO 814 815 / VW / MB ( COM TELA ) 
2T2115561A;2,00;;FILTRO
3L5Z7A029AA;1,00;;CORRENTE DA CAIXA DE TRANSFERENCIA FORD RANGER 4X4 ANO 2001 A 2012 
BG1X6600AA;1,00;;BOMBA OLEO MOTOR CUMMINS 6CTAA 8.3
BH1X9C520GA;1,00;;TUBO SUPRIMENTO COMBUSTIVEL MOTOR ISB 4.5 4 CIL EURO V
1C1Q2A454AC;3,00;;VEDADOR BB VACUO
7S556038DD;1,00;;COXIM MOTOR
4C3518045CCCAR;2,00;;AMORTECEDOR DIANTEIRO A1100
23046;2,00;;KIT REVISAO 1 DES/SIL/LIMPA PARA-BRISAS
2N1520480ADCAR;1,00;;MOLDURA
J7BZ17626D;1,00;;DEFLETOR
7S5516005AACTR;1,00;;PARA-LAMA-LD
BG5X2876BA;1,00;;COTOVELO
N1WZ16005E;2,00;;FENDER-FRONT  CX.822366/03
6C1Q6065AA;1,00;;JG PARAFUSO CABECOTE FORD TRANSIT 2.2 16V ( MAIOR M10 X 160 ) JG COM 10 PECAS 
BS6517A870ADCAR;2,00;;REFORÇO
BS6517A869ADCAR;2,00;;REFORCO
4C4516A422AA;1,00;;TRAVESSA
BH0X2876AACAR;1,00;;CONEXAO RETA R20X10
BG5X2876BACAR;1,00;;CONECTOR PINO 
BH5X9D290AA;2,00;;SENSOR PRESSAO COLETOR ADMISSAO MOTOR CUMMINS ISF ISB ISL
6C1J2M008AB;1,00;;PASTILHA DO FREIO TRASEIRA FORD TRANSIT ( COM SENSOR )
BJ0A17757AA;1,00;;PARA-CHOQUE
7C45E23862AAN2N;1,00;;BOLSA DA PORTA LD FORD CARGO ( CINZA GRAFITE )
JB3Z13405ECAR;3,00;;LANTERNA
HC4Z19G317A;4,00;;INVERSOR VOLTAGEM 12V X 24V   FORD CARGO                  
E3B515A298ABCAR;1,00;;COBERTURA
F1E517A894AACAR;1,00;;EXTENSÃO
BF0T2001AA;1,00;;PASTILHA FREIO DIANTEIRA/TRASEIRA FORD F250 F350 F4000 ( ANO 1998.. )
HS7Z17B814BACAR;3,00;;GRADE
BH1X9J308AACAR;1,00;;CHICOTE SENSOR FILTRO RACOR
2N15N24787ADCAR;1,00;;CAPA
BF8T2041ACAR;1,00;;REGULADOR-L.E-MIB048-N.05  
BF8T2A176A;2,00;;ALAVANCA-PATINS-N.12
BF8T2A176ACAR;1,00;;ALAVANCA L.E 
EC45E20530AA;30,00;;GUARNICAO PORTA
T06411041CAR;1,00;;BUCHA DA BARRA
J7BZ18125W;1,00;;AMORTECEDOR
EB3Z13008JK;1,00;;FAROL - LE
EB3G8C617CA;1,00;;VENTILADOR/HELICE 
1C356C640AA;1,00;;MANGUEIRA INTERCOOLER FUNIL  (  ORIGINAL )
EB3Z13008JE;1,00;;FAROL - LD
BU5A19H250AACAR;1,00;;EMBLEMA
KS7Z8200BBCAR;1,00;;GRADE
J7BZ15K861ADCAR;1,00;;SUPORTE
CS55B20938AAXWACAR;1,00;;MOLDURA
3M5T9C872AC;2,00;;INTERRUPTOR SEG. MARCHA 
97KGB20562AHCAR;1,00;;GUARNIÇÃO
E3B516E147AA;2,00;;PAINEL INFER.
CN1517D957BB5ZC;1,00;;MOLDURA
BG5T8501AACAR;1,00;;BOMBA
EN1516115AACAR;2,00;;PROTETOR
8M519F721AACAR;2,00;;DEFLETOR
2S55B00124AA;5,00;;PAINEL
6M2Z6675ACAR;1,00;;CARTER
E3BZ5827406AJ;1,00;;PAINEL
GN1Z6K643DCAR;1,00;;PROTETOR
HS7Z17B814BBCAR;1,00;;GRADE
7M5112A648BA;1,00;;SENSOR TEMPER
BG5X1055HA;8,00;;PARAFUSO COLETOR ESCAPE  MOTOR CUMMINS ISF ISB ISC ISL ( M10X1.50X65MM )
BG4T7540AA;1,00;;KIT EMBREAGEM FORD F250 F350 F4000 ( MOTOR CUMMINS 4BTAA 3.9  MOTOR MWM 6.07 ) 
N1WZ/  17D942/L /;1,00;;BRACKET-BUMPE CX.825724/75
XC352783AA;1,00;;CABO DA ALAVANCA FREIO ESTACIONAMENTO 
BM5Z6571A;24,00;;VEDADOR
E3B5F40110AB;4,00;;TAMPA TRAS.
EB3C3052BACAR;4,00;;BRACO BIELETA L.D 
CN1517K835AD5ZC;2,00;;PARA-CHOQUE
DC452B372ABCAR;1,00;;SENSOR-ABS-TRAS/DIANT 
E3B516801AA;5,00;;DOBRADICA-LE
E3BZ9600G;1,00;;FILTRO DE AR
LU2Z17V528B;1,00;;PALHETA-LD
E3B517E778AE;4,00;;REFORCO
8V5Z8A194A;2,00;;SUPORTE
JB3Z/   3C377/A /;2,00;;BUCHA
EB3Z41043B13AF;1,00;;AIR BAG
J7BZ17K835JB;2,00;;PARA-CHOQUE
JB3Z/    1104/A /;2,00;;CUBO
CC457021434AAX;2,00;;PESTANA-INTERNA-L.D/L.E 
EB3C3053BACAR;2,00;;BRACO L.E BIELETA 
2S025313CAR;2,00;;JUNTA 
GN1Z17K835KR;1,00;;PARA-CHOQUE
      BH0X13005BACAR;1,00;;FAROL DUPLO FORD CARGO 2003... POSICAO DIAGONAL DIR.USA LAMP.H7 (LENTE POLICARBONATO)
BG5X4676CA;1,00;;RETENTOR PINHAO  DIFERENCIAL RS145 RS155 RS240 MS245 ( COM PISTA ACO )
F1F13A423AAACAR;1,00;;BRACO
8M51A24631AE;1,00;;PORTA TRASEIRA   LE   (SEM DOBRADICAS) FORD FOCUS 
8V5Z18A047A;1,00;;GUARDA-PO HASTE DIANT. AMORT.
6C355484AACAR;7,00;;BUCHA BARRA ESTABILIZADORA DIANTEIRA 30MM FORD F350 ANO 1998...
2S6516115AGCAR;1,00;;PARABARRO
2S6516114AECAR;2,00;;PARABARRO
E890270S;10,00;;ILHO
BH0X6854BA;1,00;;JUNTA TAMPA VALVULAS COM CHICOTE MOTOR CUMMINS ISB 5.9 6CIL ISB 6.7 6CIL
D2BZ13008K;1,00;;FAROL FORD NEW FIESTA  ( LADO ESQUERDO ACABAMENTO CROMADO) )
2N15N27846ATCTRCAR;1,00;;PAINEL
5S65A40723AACAR;1,00;;LOGOTIPO
13150456;2,00;;SUPORTE
D3BB13405ACCAR;1,00;;LANTERNA
7S65A03102ADCAR;1,00;;VIDRO
FE8Z5800014A;1,00;;MOLDURA-LD
FN1Z17528A;1,00;;PALHETA-LE
FN1Z17528B;1,00;;PALHETA-LD
FN156B321AA;4,00;;POLIA
FN1517K746CA5EN;1,00;;COBERTURA-LD
FN1519A321AB;1,00;;MAN.PROP.ECO
AB3913404FACAR;2,00;;LANTERNA TRAS. LD RANGER
AB3913405FACAR;1,00;;LANTERNA
2R0721135DCAR;1,00;;SUPORTE PEDAL ACELERADOR FORD CARGO 2005 A 2009 
BG2T2C150AA;4,00;;REPARO DO PINO PINCA DE FREIO DIANTEIRA TRASEIRA FORD F250 F350 F4000 ( PINOS E VEDADOR PARAFUSOS )
       BG2T2120AA;8,00;;JOGO DE REPARO PINCA FREIO DINATEIRA F250 F350 F4000 ( VEDACAO E BORRACHAS )
BK3Q6268AA;1,00;;KIT CORRENTE COMANDO FORD TRANSIT 2.4 16V TURBO  ( 2 CORRENTES 4  ENGRENAGENS  5 GUIAS 1TENSOR )
XC459276BBCAR;1,00;;JUNTA 
BH0X2910AACAR;2,00;;MANG.-PQ-ENTRADA-C/TOM.FORÇA-10MM  
HC3Z1A189F;2,00;;SENSOR TPMS
AB397B215AACAR;2,00;;VEDADOR
BG7X7086CA;1,00;;JOGO JUNTA CAMBIO EATON 6 VELOCIDADES FS6206 FS6306 FS6406 FS5406 FS5306  FS5106 
5S6G8A586AB;5,00;;CONJUNTO TERMOSTATO ROCAN VALVULA ( ALUMINIO )
F7UC3504FA;1,00;;CAIXA DE DIRECAO HIDRAULICA FORD F350 F4000  ( SEM BRACO )
CP9Z5810176BCAR;1,00;;MOLDURA
BGDOT4AA100;64,00;;FLUIDO DE FREIO E EMBREAGENS DOT4 ( OLEO FREIO DOT 4 ) EATON   500 ML 
BH7T1A380AAVERCAR;1,00;;CAPA DE ESTEPE
7C45E23863AAN2NCAR;1,00;;BOLSA DE PORTA LE
BF8T17271AXCAR;1,00;;SENSOR
E3B517A950BACAR;1,00;;GRADE
TJG721507CAR;1,00;;SAPATA PEDAL
BF8T4612BCAR;1,00;;ROLAMENTO TRAS PINHAO  KOYO 
E3B516114AB;2,00;;PROTETOR-LD
FR3Z19N619A;1,00;;FILTRO POLEN
EC353A674AA;1,00;;BOMBA HIDRAULICA F350 F4000 MOTOR CUMMINS ISF  2.8 ( SISTEMA ZF )
WK723CAR;1,00;;FILTRO-COMB.FF5052
6C112M008AE;1,00;; PASTILHA FREIO TRASEIRA
5L55/ 1020125/AB/   ;1,00;;PORTA DIANTEIRA ESQUERDA FORD RANGER  
4L5Z17906AACAR;1,00;;PARA-CHOQUE
96WT7025AA;1,00;;ROLAMENTO
96WZ4220AA;4,00;;ROLAMENTO
BH0X2910HACAR;1,00;;MANG.SAIDA.GR(5259201)
4976170CAR;4,00;;RETENTOR VALV
BE8Z12259B;2,00;;JG.CABOS-IGNIÇÃO-1.5L-SIGMA
K2GZ6051A;16,00;;JUNTA CABECOT
AE8Z17K835BAPTMCAR;1,00;;PARACHOQUE
F1EB8310FA;1,00;;DEFLETOR
F1EB8311FA;1,00;;DEFLETOR
F1EB8339AA;1,00;;DEFLETOR-LE
F1EB9F721BA;1,00;;DEFLETOR
F1EB15A299BC;1,00;;GRADE-LE
F1EZ17787A;1,00;;SUPORTE LD
F1EZ5842528A;1,00;;LOGOTIPO
F1E517E850AA;1,00;;REFORCO-LD
8V513K099B3ACAR;4,00;;ROLAMENTO COXIM SUPERIOR
2S653042CFCAR;1,00;;BANDEJA
F3BZ6766C;1,00;;TAMPA OLEO MOTOR FORD TRANSIT 2.4 16V 
6L2Z5K483AACAR;2,00;;BIELETA.RANGER-(RANGER-1998/2011)
J7BZ15266ACAR;1,00;;GRADE
F1F13A423AAB;1,00;;BRACO SUSP.LD
F2GZ8A505A;1,00;;TUBO
F3BZ6766C;8,00;;TAMPA DO OLEO ABASTECIMENTO DO MOTOR FORD TRANSIT MOTOR 2.4 16V
F3B517C403AA;1,00;;BRACO+PALHETA
6L5Z3A427AACAR;1,00;;SEMI-EIXO DIANT. LE
BB5Z7822801C;1,00;;DOBRADICA-LE
F65Z99430B23AACAR;7,00;;INSERTO TAMPA TRAS.LE
AB397B215BACAR;4,00;;RETENTOR-TRANSFERENCIA 
E3BZ16796B;2,00;;DOBRADICA-LD  CX.823799/71
E4BZ8310D;1,00;;DEFLETOR INFE 
          KIT1000CAR;3,00;;JG PARAFUSO CABINE
BK3Q6051C1CCAR;1,00;;JUNTA        
BH6X7370AA;1,00;;KIT REPARO ALAVANCA CAMBIO FORD CARGO 1119 ANO 2012... BUCHA METAL 
93BG13009BACAR;3,00;;LAMPADA-H7-12V
2C4516605XACAR;1,00;;EMBLEMA CARGO
1C4515A424ACCAR;1,00;;LANTERNA
BF9T6305AAX;1,00;;ROLAMENTO VOLANTE MOTOR
3C352A793AACAR;1,00;;CABO FREIO
86HU16813AAWCAR;2,00;;COBERTURA DOBRADICA
86HU15A403CA;1,00;;LANTERNA EXT TETO LD 
86HU15A403CB;1,00;;LANTERNA  EXT TETO  LE 
2SS937537CAR;1,00;;TAMPA CAIXA FUSIVEL
85HBE23943CAYSCCAR;1,00;;REVESTIMENTO PORTA LE
     7C45E23862AA;1,00;;BOLSA DA PORTA LD FORD CARGO ( CINZA GRAFITE )
2C341000192JA;2,00;;COXIM.DIANT.INF.CAB.AP2008.(02PÇ)
W711306S439;1,00;;P/FUSO.DT.CABINE.LD.12X75.(01PC)
LM15101/15245CAR;2,00;;ROL.DIANT.EXT.-F250/F350
6L5Z3A428AACAR;1,00;;SEMI-EIXO DIANT. LD
ACP11215A2A;1,00;;ROLAMENTO
98AG5484DA;5,00;;BUCHA
F85Z1542528D;8,00;;EMBLEMA FORD
GAMJ6731BA;3,00;;FILTRO OLEO CHEVROLET
GAMJ6731CA;10,00;;FILTRO OLEO VOLKS
GAMJ9155BA;2,00;;FILTRO COMBUS
GAMJ9155CA;2,00;;FILTRO COMBUS
GAMJ9601DA;1,00;;FILTRO DE AR
BG5X6529AA;2,00;;BALANCIM
F87Z16916BACAR;1,00;;RANGER - TODAS  S/ ALAVANCA 
4R8Q6N652AA;2,00;;JUNTA-RETORNO-TURBO
"	BF6T6312B ";1,00;;POLIA VIRABREQUIM MOTOR CUMMINS 4BT 3.9 6BT 5.9
6C1J2M008AB;1,00;;PASTILHA DE FREIO TRASEIRO FORD TRANSIT 
5L552A809ABCAR;1,00;;RANGER TRASEIRO ESQUERDO 05
TN4105393CAR;1,00;;RETENTOR-DIANT.C/PISTA
BF5X6020C;1,00;;JUNTA CARCACA ENGRENAGENS DISTRIBUICAO MOTOR CUMMINS 4BTAA 3.9 6BTAA 5.9  ( FORMATO Y )
BF5X6020CCAR;1,00;;JUNTA.CARC/BLOCO-(712)-SPAL60482AN
AB399176ACCAR;1,00;;FILTRO COMB.REFIL 2.2L/3.2L  
W713228S307;1,00;;GRAMPO 
85HBE22621AAYYF;3,00;;COBERTURA MACANETA INTERNA PORTA LE 
TKT823453CAR;4,00;;PRESILHA
YC459C799BBCAR;1,00;;CABO-ACEL.ROSCA-6CT-1,727-(CBV101465)
YC459C799BB;1,00;;CABO DE ACELERADOR
BG5X9C520FACAR;1,00;;TUBO-MODULO/BOMBA
GB5Z6K254A;1,00;;TENSOR
GG9Z6068A;2,00;;LIMITADOR
GK2Q6D354AA;3,00;;RETENTOR
GK2Z6700A;2,00;;RETENTOR
GN1A12K073AA;1,00;;SENSOR
GN1G6065AA;38,00;;PARAFUSO
GN1G/    6529/AA/;12,00;;BALANCIM VALV
GN1G6584AA;4,00;;JUNTA TAMPA
GN1G6A258AA;3,00;;CAPA MANCAL
GN1G6A517AA;12,00;;VEDADOR
GN1G6C301AA;2,00;;CORREIA MOTOR
GN1G6D339AB;3,00;;PARAFUSO
GN1G6K245BD;4,00;;POLIA TENSORA
GN1G8A504AA;2,00;;CONEXAO
GN1P7D494CA;1,00;;VALVULA
GN1Z6009E;1,00;;BLOCO MOTOR
GN1Z6250C;1,00;;ARVORE ADMISS
GN1Z6268D;20,00;;CORREIA COMANDO MOTOR 1.5 12V DRAGON   
GN1Z6333L;8,00;;CASQUILHO
GN1Z6333M;6,00;;CASQUILHO
GN1Z6337G;1,00;;CASQUILHO
GN1Z6675A;2,00;;CARTER.DRAGON.(1.5L/AUTM)
NFE866054QFCAR;2,00;;PINO   
BH6X7370AA;2,00;;REPARO ALAVANCA CAMBIO CARGO 816 1119 ANO 2011...
SUK573CAR;1,00;;JOGO REPARO ALAVANCA CAMBIO ( ESFERICO ) FORD CARGO 816 1119 ANO 2011...
5C3Z17626AACAR;1,00;;SAIA.INF.PCHQ.DTF250
XC35/    6038/AD/;2,00;;COXIM DIANTEIRO DO MOTOR LD ( COM SUPORTE )  CUMMINS  F250 F350 F4000
2C353B439AB ;1,00;;BIELETA DIANTEIRA ESQUERDA FORD F4000
KIT17C400FACAR;2,00;;JG.PALHETAS F250/F350/F4000 
W717823S300;4,00;;REBITE
8C3518045AB;2,00;;AMORTECEDOR DIANTEIRO FORD F4000 ANO 1999...
81DBE219A72AECAR;1,00;;TRAVA INT PORTA CARGO LD 
GN1Z8310M;1,00;;DEFLETOR AR
GN1Z8507B;1,00;;JUNTA
GN1Z13008AQ;1,00;;FAROL-LD
GN1Z3A331R;1,00;;JG.REP.HOMOCI
GN1Z3A331V;1,00;;JG.REP.HOMOCI
GN1Z6D309A;4,00;;CASQUILHO
GN1Z8K556C;1,00;;ADAPTADOR
GN1Z9D290C;1,00;;INTERRUPTOR
GN117M125DA;1,00;;SUPORTE COXIM
GN118A080AA;1,00;;RESERVATORIO RADIADOR 
GN151007B1B;1,00;;RODA LIGA LEV
GN1517404AA;1,00;;MOTOR LIMP.TR
J7BZ7M125B;3,00;;SUPORTE COXIM
J7BZ16612A;1,00;;CAPUZ
XC3516738BB;1,00;;ISOLADOR DE SOM DO CAPUZ (COLANTE)  F250/350/4000
6337BCAR;2,00;;JOGO DE BRONZINA DE BIELA KA 1.0 3CC
J7BZ6068HCAR;1,00;;COXIM
2T2130085JCAR;1,00;;TUBO COMBUSTIVEL
7M3599430B22AACAR;5,00;;INSERTO TAMPA TRAS.LD 
XC3510B684AB;5,00;;SUPORTE
GN155K952A1B;1,00;;EIXO TRASEIRO
GN157K592DA;1,00;;TUBO
BF8T2261B;1,00;;CILINDRO FREIO RODA TRASEIRA LD FORD F250 F350 ANO 1998 A 2012 
4C3Z13K359AAA;1,00;;CHAVE SETA FORD F250 F350 F4000 ANO 2008/2019 
BF6T8575AA;1,00;;VALVULA TERMOSTATICA MOTOR CUMMINS 4BTA 3.9 6BTA 5.9   ( 82 G  )
GN1513B220BC;1,00;;FAROL NEBLINA
GN1513B221BD;1,00;;FAROL NEB.
GN1517A553BB;3,00;;INTERRUPTOR
GN1517D957BA5HN;2,00;;MOLDURA
GN1517K606AA;1,00;;TAMPA
GN15N290B53AA;1,00;;MOLDURA-LE
E3B517A870BB;1,00;;SUPORTE-LE
YS613K036AA;2,00;;GUARDA-PO
CN158C012AE;1,00;;MANGUEIRA
BE8Z6K254A;22,00;;POLIA TENSORA
BF8X8620BACAR;1,00;;CORREIA MOTOR
CM5Z6335ACAR;2,00;;RETENTOR+PLAC
W715121S300CAR;4,00;;"CONECTOR 3/8"""
7L555484AACAR;4,00;;BUCHA DA BARRA 24,8
9L5518045ACCAR;2,00;;AMORTECEDOR
BF7T2128ACAR;2,00;;JG.REPARO
9L5518080ABCAR;2,00;;AMORTECEDOR
XC352A809AE;1,00;;CABO TRASEIRO DO FREIO DE ESTACIONAMENTO LE 
BK2Z2N248G;2,00;;ASY DO FIO
3C115484CB;4,00;;BUCHA BARRA ESTAB DIANTEIRA FORD TRANSIT ( COMPRIMENTO 36MM FURO 19MM ) ORIGINAL REPOSICAO 
97WT17K284AACAR;4,00;;MANCAL VELOC.
GU2J9601BA;4,00;;ELEMENTO DO 
G1CZ9278B;5,00;;INTERRUPTOR
BF0T18016AACAR;4,00;;BUCHA AMORTECEDOR 
BG2X6731CA;1,00;;FILTRO OLEO LUBRIFICANTE MOTOR CUMMINS ISC 8.3  ISL 8.9  ( LF9009 )
XC3513006ABCAR;1,00;;FAROL L.E-1998/2005-F250/F350
 FS1/    3394/AB/   /   ;1,00;;JUNTA - LD    CX.827061/84
CN15N42528AB;4,00;;LOGOTIPO
CN15N43700AG;1,00;;GUARNICAO
AB3Z5781C;8,00;;BUCHA
AB3Z5781D;8,00;;BUCHA         CX.807113/45
BH0X6754AA;1,00;;TUBO VARETA DE OLEO MOTOR CUMMINS ISB ISC ISL
BF8T6754AA;1,00;;TUBO DA VARETA MEDIDORA DE OLEO 
HM55F11218AA;1,00;;PAINEL
HS7Z15201A;1,00;;FAROL NEBLIN
HS7Z17B814BB;1,00;;GRADE - LE
HS7Z17B814CB;2,00;;GRADE - LE
BH3T6C045AA;1,00;;JUNTA DE BORRACHA CARCACA MOTOR CUMMINS SERIE ISF 2.8 4CIL EURO 5
J7BZ17A869B;1,00;;SUPORTE-LD
CV6Z8124CCAR;1,00;;ISOLADOR
J7BZ17626F;1,00;;GRADE
E3B517F816BE;3,00;;MOLDURA
CN1513W029AGCAR;1,00;;FAROL
H2MJ19544CA;196,00;;ADITIVO-100/100-VM-ORGAN-1L-MOTORCRAFT 
BG5X19589BA;6,00;;OLEO PARA TRANSMISSAO EATON SUPER 40 (FRASCO 01 LITRO)
BJ3A18045DA ;10,00;;AMORTECEDOR DIANT. LD/LE
       AC458260AA;1,00;;MANGUEIRA SUPERIOR RADIADOR
BH7T7262AA;1,00;;JUNTA TAMPA CORRENTE ACIONAMENTO MOTOR CUMMINS ISF 2.8 4CIL EURO 5
BF8T7277A;6,00;;COIFA INFERIOR ALAVANCA CAMBIO  ZF S5 420   ZF S5 42  FORD F250 F350 F4000
HS7Z5440110A;1,00;;TAMPA TRASEIR
H1BZ1177B;14,00;;VEDADOR  
BH1X9J308AA;2,00;;CHICOTE E SENSOR DO FILTRO DIESEL E RACOR FS1241 FS19791 ( CONECTOR REDONDO ) 12V  ORIGINAL PRETO  
H1BZ7F116A;10,00;;ALAVANCA
H1BZ7F116B;1,00;;ALAVANCA
H2BB5403100DA;1,00;;VIDRO P/BRIS
H2MJ19544DA;252,00;;ADITIVO MOTORCRAFT DILUIDO 50/50 
95AG13W030FCCAR;1,00;;FAROL
95AG13W029FCCAR;1,00;;FAROL
       BK3Z9F598ACAR;1,00;;JUNTA TAMPA DISTRIBUICAO
AB3913W029UCCAR;1,00;;FAROL
JA6B8200AA3UA;1,00;;GRADE RADIADO
JA6B17757ACXWA;1,00;;PARA-CHOQUE
JA6B17906AAXWA;1,00;;PARA-CHOQUE
JA6B15A299AB;1,00;;GRADE-LE
JA6B17F816CB5UA;1,00;;MOLDURA 
JA6BA001A04AC;1,00;;DEFLETOR
JB3Z2853C;1,00;;CABO
JB3Z3280D;1,00;;TERMINAL AXIA
JB3Z5415A;2,00;;ISOLADOR
JB3Z8200A;1,00;;GRADE RADIADO
JB3Z8310E;1,00;;DEFLETOR
JB3Z8419B;1,00;;MOLDURA GRADE
JB3Z16797A;1,00;;DOBRADICA-LE
JB3Z18125T;1,00;;AMORTECEDOR
JB3Z18198A;2,00;;BATENTE AMORT
JB3Z5K483A;4,00;;BRACO
JB3Z7B215C;1,00;;RETENTOR.SD.TRAÇÃO-(ATUALIZAÇÃO)
JB3Z17A869B;1,00;;SUPORTE-LD
JB3Z17A870B;1,00;;SUPORTE-LE
JB3Z17D957Y;1,00;;COBERTURA
BG2T2B164AA;4,00;;JOGO DE PRESILHAS DA PASTILHA DO FREIO FORD F250 F350 F4000 ANO 1998...
JG9Z2C204A;1,00;;ASY DO SENSOR
86HU13369AACAR;1,00;;LANTERNA
BK3Z2001E;1,00;;JG.PAST.DIANT.TRANSIT.AP/2022 
BK3Q6051C1C;1,00;;JUNTA CABECOTE FORD TRANSIT MOTOR 2.2L 16V ( GRADE III  1,20MM ) EM ACO 
JN1Z17626AA;1,00;;DEFLETOR
JN1Z7B546C;1,00;;DISCO+PLATO
JR3Z17E811AA;1,00;;GRADE LATERAL
J2MJ1125AA;4,00;;DISCO FREIO DIANTEIRO VENTILADO FORD NOVA RANGER ANO 2012...
J2MJ3280EA;1,00;;TERMINAL AXIA
H2MJ2C453BA;1,00;;JOGO PASTILHA
CM5Z6333J;1,00;;CASQUILHO SUP
J7BZ6068FCAR;1,00;;COXIM
4S65017B26AACAR;1,00;;ESPUMA       
BH9A17D781AA;2,00;;PARA-CHOQUE
XS6E6584AC;1,00;;JUNTA DE COBERTURA DE ARVORE DE COMANDO DAS VALVULAS
J2MJM6C65BA;14,00;;FLUIDO DE FREIO E EMBREAGENS DOT4   ( OLEO FREIO ) MOTORCRAFT 500 ML
J7BZ1532E;1,00;;ETIQUETA
J7BZ5230G;8,00;;SILENCIADOR
J7BZ5484C;2,00;;BUCHA
J7BZ6038C;1,00;;SUPORT+ COXIM              
J7BZ6038D;2,00;;SUPORTE/COXIM  
J7BZ/    6068/H /;1,00;;LIMITADOR
J7BZ8200AA;1,00;;FILETE NR.1
J7BZ8310D;1,00;;DEFLETOR
AB397540BCCAR;1,00;;KIT EMBREAGEM 
J7BZ13404L;1,00;;LANT.TRAS.-LD
J7BZ16005C;6,00;;PARA-LAMA-LD
J7BZ17757EA;1,00;;PARA-CHOQUE
J7BZ17787D;1,00;;SUPORTE-LD
N0177322;4,00;;LAMPADA 1141 1145 24V 21W (1 POLO PINO ENCONTRADO)
J7BZ18124AE;1,00;;AMORTECEDOR
J7BZ18124AF;1,00;;AMORTECEDOR
J7BZ19972H;1,00;;MANGUEIRA
HC455J239AACCAR;1,00;;TAMPA ARLA
BF0X9155AA;1,00;;FILTRO DIESEL RACOR SEPARADOR COMBUSTIVEL ( SISTEMA COPO ROSCA 1-14 ALTURA 155MM )
BG2X/   9J155/AA/;1,00;;FILTRO DAGUA MOTOR CUMMINS WF2175  ( PASTILHA COM 15 UNIDADES DCA4 )  LONGO
XS7Q6065A2DCAR;1,00;;KIT-P/FUSO-M10X160-MX140 TRANSIT
AB3921290D12AA5BACAR;1,00;;EMBLEMA 4X4
94BB7A624AA;11,00;;ALMOFADA
J7BZ14B321J;1,00;;MODULO AIRBAG
J7BZ15K861EA;1,00;;SUPORTE SENS
J7BZ5451916AA;1,00;;REVEST.TETO
J7BZ58237A04A;1,00;;CAPA PROTECAO
KN1Z5846404AA;1,00;;PAINEL TPA TR
YC355C250AACAR;6,00;;JUNTA ESCAPAMENTO 
  BF5X9350A;3,00;;BOMBA ALIMENTADORA COMBUSTIVEL ( ROSCAS 1/2 NPTF 14F E M14X1,5 )  CONEXAO BAIXA 
TJG711116;1,00;;GUARDA PO COIFA ALAVANCA CAMBIO FORD ANO ...2011  VW WORKER
BF6T9601AA;1,00;;ELEMENTO FILTRO AR EXTERNO FORD 814 815 816 F1000 F250 F350 F4000
2C347C522EF;1,00;;CILINDRO MESTRE AXILIAR EMBREAGEM FORD F4000 F350 ( CONJUNTO COMPLETO COM  RESERVATORIO 2 CIL.   )
F81Z7289AA;1,00;;GARFO
97FB17C772ADZCACAR;1,00;;MOLDURA
L7BZ5851916CA;1,00;;REVEST.TETO
MB0A2K021EB;2,00;;JG.PASTILHAS
MB1A6600AA;5,00;;BOMBA DE OLEO
MB1A2K021HB;10,00;;JG.PASTILHAS
MB6T2K021AA;2,00;;JG.PASTILHAS FREIO NOVA RANGER ANO 2012...
MB8A1125AA;1,00;;JG.DISCOS FRE
MB8A1125CA;1,00;;JG.DISCOS FRE
MM4A7540BA;3,00;;DISCO+PLATO-SACHS-228091
MM4A7540EA;3,00;;DISCO+PLATO-SACHS-228244
MM4A7540GA;3,00;;DISCO+PLATO-SACHS-228224
XS4P/   7H090/AB/;2,00;;PRATO INTERNO
XS6F12A648DA;6,00;;SENSOR - ECT
XS6118K580BA;1,00;;MANGUEIRA
BF9X9350AA;2,00;;BOMBA ALIMENTADORA COMBUSTIVEL MOTOR CUMMINS SERIE CTAA  8.3 
E5HT7277AB;1,00;;GUARDA ALAVANCA MARCHA FORD CARGO TODOS ATE ... 2011
2S65A4K338ADCTR;1,00;;TRAVESSA     
E3BZ18472B;2,00;;MANGUEIRA DE
5L5Z7177AACAR;1,00;;ENGRENAGEM
MS13B436AA;1,00;;SEMI-EIXO-LE
YC2Z19E561AA;2,00;;INTERRUPTOR
YF1A54280B62AE;1,00;;GRADE
YS4Z7025BA;1,00;;ROLAMENTO TRASEIRO DA ARVORE PRIMARIA DA CAIXA
YS6118K579GA;3,00;;MANGUEIRA
BE8Z6268C;1,00;;CORREIA COMANDO DISTRIBUICAO   ( TEFLONADA )   
1C355484AA;3,00;;BUCHA BARRA ESTABILIZADORA DIANTEIRA F350/F4000 (ANO 1999.. )
1L5Z9448AB;1,00;;JUNTA DO COLE
6C3511001AA;1,00;;MOTOR DE PARTIDA FORD F250  MOTOR CUMMINS 4BTAA  3.9 FORD F250/350/4000 2002/2011 12V
2C459W780AACAR;1,00;;CABO-AFOGADO-90CM-CADBOVEL 
EC358C351AA;1,00;;MANGUEIRA DE
LB3Z13405D;1,00;;LANTERNA-LE
H4BZ5443150B;2,00;;FECHADURA DA
AM5Z5822050AR;3,00;;JG.CILINDROS
1S55B237A04AG;1,00;;CAPA
1S6G6505GA;8,00;;VALVULA ESCAP
1S6Z7223AA;7,00;;JUNTA CARCACA
1S6513335AB;1,00;;INTERRUPTOR
1S7E/    6316/DA/;1,00;;POLIA AMORTEC
1S7G6625AB;2,00;;JUNTA DO TUBO
1S7Z6571A;5,00;;VEDADOR
1S7Z8255BC;1,00;;JUNTA
1S7Z6A892AAA;6,00;;RETENTOR
1S7Z6K282AA;1,00;;PARAFUSO
2L5Z5484AA;6,00;;BUCHA BARRA RANGER 29MM
2N155484AD;3,00;;BUCHA
BH1X10145AA;1,00;;SUPORTE ALTERNADOR MOTOR CUMMINS ISB 4.5 4CIL ISB 6.7 6CIL 
85HBE22600;2,00;;MACANETA INTERNA PORTA LE LD FORD CARGO ANO 1986 A 2011  ( PRETA )
BF6X9350AA ;1,00;;BOMBA DE TRANSFERENCIA DE COMBUSTIVEL MOTOR CUMMINS 4BTAA 3.9 6BTAA 5.9   ( BOMBA  ROTATIVA ) 
4M5Z6584ACAR;4,00;;JUNTA
BF8T7207A;1,00;;JUNTA TAMPA ALAVANCA ZF S5-420
XC35/   6B032/AE/;2,00;;SUPORTE COMPLETO DO MOTOR LE FORD F250 F350 ( COM SUPORTE )
TJG721941CAR;1,00;;HASTE PEDAL ACELERADOR
XC4510A687AACAR;1,00;;TAMPA
2R0121004B;1,00;;BOMBA AGUA MOTOR MWM X10 4CIL   X10 6CIL
3C352B663AACAR;1,00;;CUBO.DIANT.F4000-(4X2) 
BG7A6014AACAR;1,00;;JUNTA
2N15N11218AL;1,00;;PAINEL
2N15N24472BC;1,00;;MOLDURA
2N15N27847ASCTR;1,00;;PAINEL
2N1518K579CD;1,00;;MANGUEIRA
2N15N425A52AA;11,00;;EMBLEMA FORD
2S3R7B043AB;1,00;;ANEL INTERNO
2S3R7L226NCA;20,00;;ARVORE PRIMAR
2S3Z7C043A;1,00;;ANEL EXTERNO
2S55B40452CA;2,00;;BATENTE
2S55/  17C683/AA/;1,00;;SUPORTE LADO DIREITO
2S6G9448DA;1,00;;JUNTA COLETOR
2S6G6M293A1B;17,00;;TAMPA CAB.CPL
2S653025DA;45,00;;BATENTE HASTE ECO/FIESTA
2S655484AB;20,00;;BUCHA
2S657540DC;8,00;;DISCO+PLATO
2S658100AA;20,00;;TAMPA
2S6517008AA35B;1,00;;BOLSA DO TRIA
CC4617K706AACAR;1,00;;RETROV.SUP.AUX.L.D-(PT.CEGO) 
2S656F012LB;1,00;;SUPTE ISOLADO 
2S65A03196AH34N;1,00;;REVESTIMENTO
E3BZ13008GCAR;1,00;;FAROL
2S65A21982BA;1,00;;BATENTE
0269052072;16,00;;TAMPA
E3BZ13008ECAR;1,00;;FAROL
2S65A50462CD;1,00;;MOLDURA-LD
3C117548AA;1,00;;ROLAMENTO
TJG721619CAR;1,00;;MOLA
97JZ6730A;2,00;;BUJAO DO CARTER
ML3Z17E811AA;1,00;;GRADE LATERAL CX.816742/61
85W1401L;3,00;;OLEO LUBRIFICANTE DIFERENCIAL MERITOR  85W140  ( MINERAL 1 LITRO )
J3BZ6584ACAR;8,00;;JUNTA 
1S6G6K260AACAR;1,00;;JUNTA TAMPA  
GN1A12A073AACAR;2,00;;SENSOR
3L8Z12A648A;1,00;;SENSOR - ECT
3M3518045DB;8,00;;AMORTECEDOR
3M5H8260BK;2,00;;MANGUEIRA
3M5H8K218AJ;2,00;;RESERVATORIO
3M5H8N021ACJ;2,00;;MANGUEIRA
2SP857532ACAR;1,00;;ESPELHO RETROVISOR GRANDE PRETO
TJG899441;6,00;;BUCHA BI PARTIDA
E5HT5A160AA;8,00;;KIT COXIM TRASEIRO CABINE FORD VW ( 1 EIXO  2 TRAVAS 2 BUCHAS 2 COXINS  )
2C459C799BA;1,00;;CABO DE ACELERADOR FORD CARGO MOTOR CUMMINS 6BTAA 5.9 ( 2004MM )
BH0X9J308AA;1,00;;CHICOTE 
BH4X9J308BA;1,00;;CHICOTE
E3BZ6584BCAR;2,00;;JUNTA TAMPA
GN1Z6582ECAR;2,00;;TAMPA VAL.
BF8T1240CACAR;1,00;;ROLAMENTO RODA-MRT
3S4Z6571A;14,00;;VEDADOR
3S659K163AA;10,00;;TAMPA COMBUSTIVEL
3W4Z6710DA;3,00;;JUNTA CARTER
4F9Z15200AA;1,00;;FAROL NEBLINA FORD 
BL3Z7A098A;1,00;;FILTRO OLEO
4M5Z6584A;4,00;;JUNTA TAMPA
YC352A032AB;2,00;;CILINDRO MESTRE FREIO COM RESERVATORIO ( ORIGINAL REPOSICAO )
JC4Z2535A;5,00;;CONEXAO T 3VIAS-10MM
W714484S300;4,00;;BUCHA-SUP.AMORT.
BH1X9451AACAR;2,00;;JUNTA ESCAPE
1S6G6K260AA;29,00;;JUNTA TAMPA VALVULAS
5L553B461AC;2,00;;BATENTE
96FB3K155AG;30,00;;PLACA
4M51A25604AK;1,00;;GUARNICAO
2S652420AH;3,00;;TUBO HIDROVAC
5F9Z7442528A;2,00;;LOGOTIPO
BF8T1240CA;1,00;;CONE
BF8T4A063AX;2,00;;PORCA TRAVA
CS5513B235AACAR;1,00;;REFLETOR-LE
YC459C799CACAR;1,00;;CABO-ACEL.6BTA-1595MM-1995/2006-101261
5M5G12405AA;8,00;;VELA IGNICAO
5M514C062AB;2,00;;JG.GUARDA-PO
5M51F406A10AC;1,00;;AMORTECEDOR
6C1E6049AC;2,00;;CABECOTE
3C1Q6019AACAR;1,00;;TAMPA FRONTAL
6C1Q6744BA;2,00;;FILTRO DE OLEO FORD TRANSIT MOTOR 2.2 16V TRANSIT MOTOR 2.4 16V
2C457A508AA;1,00;;CILINDRO AUXILIAR DE  EMBREAGEM 
BH3T6051AA;1,00;;JUNTA CABECOTE MOTOR CUMMINS ISF 2.8 
3000880;22,00;;OLEO MINERAL CAMBIO EATON LEVE SAE80W90 API GL3 GL4 ( 1 LITRO ) AZUL
YS4Z7065AA;1,00;;ROLAMENTO
98HU10A687AACAR;1,00;;TAMPA
1C4510A687AACAR;1,00;;TAMPA 
W712052S307;1,00;;PORCA 3/8
6C11/  V16021/BA/;1,00;;AVENTAL
6C353E525AC;1,00;;MANGUEIRA
6E5Z2162AA;1,00;;TAMPA
6E5Z16138A;1,00;;SUPORTE
6G9G8255BA;1,00;;JUNTA VEDACAO
82DBE21458BACAR;1,00;;SUPORTE VIDRO   
EB3Z13008HTCAR;2,00;;FAROL - LD
GN158150AB5UA;1,00;;MOLDURA
6M2Z6675A;1,00;;CARTER OLEO
6M211003BA;8,00;;CALOTA RODA
6M3413B519BA;30,00;;CLIP
6M5G6A338CA;1,00;;CASQUILHO
6S6AF22050KA;1,00;;JG.CILINDROS
6S6Z15520A;2,00;;INTERRUPTOR
6S6517682AD;1,00;;ESPELHO-LD
6S6518045AB;2,00;;AMORTECEDOR
6S65F03590AD;2,00;;MOLDURA VIDRO
6S65/  F42700/AB/;1,00;;DOBRADICA-LD
6S65F42701AC;1,00;;DOBRADICA-LE
6S65F13A482AE;1,00;;ALOJAMENTO
6S65F442A66BD;2,00;;FECHADURA
BH3T6051AA;1,00;;JUNTA CABECOTE MOTOR CUMMINS ISF 2.8 L ( 5257187 )
5L8Z4B416AACAR;2,00;;VEDADOR INTERNO TRAÇÃO DIANT.
BG6X12600AA;3,00;;ISOLADOR VIBRACAO MODULO ELETRONICO MOTOR ISB ISC ISL
7E5Z5F263AA;1,00;;VEDADOR
7L5Z9F593AA;2,00;;INJETOR COMB.
7S5518045AB;6,00;;AMORTECEDOR
JN1J1465BA5APCAR;1,00;;CAPA
7S55B43150AF;1,00;;FECHADURA
73EG13009AA;2,00;;LAMPADA H4 12V 60/55W 
BB5Z7822810A;1,00;;DOBRADICA-LD
BB5Z7822811A;1,00;;DOBRADICA-LE
T12945096CAR;1,00;;LANT.TRAS.L.D.C/VIGIA-(MARTMITA)
7S5518D676AC;3,00;;MANGUEIRA 
7S55F19E523AA;1,00;;FITA ADESIVA
7S6Q6C301BC;1,00;;CORREIA MOTOR
7S655019AA;1,00;;TRAVESSA
7S653K036AA;20,00;;GUARDA-PO HASTE ECO/FIESTA
7S7Z15K601L;8,00;;TRANS+CONTROL
7T4Z1177D;1,00;;VEDADOR
EB3Z2610129G;1,00;;TRAVESSA
BK3Z8501H;1,00;;BOMBA DE AGUA RANGER FORD MOTOR 2.2 16V  TRANSIT MOTOR 2.2 16V 
81AG13465AAX;2,00;;LAMPADA-P/MEDIO-12V/5W
AB397B215CACAR;1,00;;RETENTOR
8A6Z16C078A;1,00;;SUPORTE
8A61A03122AD;1,00;;MOLDURA
8A61A13065BA;1,00;;CARPETE
8A61A20562AK;1,00;;GUARNICAO-LD
8A61A22042BC;1,00;;ALMOFADA
8A61A24755AE3YY;1,00;;GUARNICAO
8A61A25510AC;1,00;;MOLDURA
8A61A40308ACCTR;2,00;;REFORCO CENT
8A61A46538AA;1,00;;TIRANTE
8A6117A849AB;1,00;;REFLETOR-LD 
8A6117B861AB;1,00;;SUPORTE DO
8A6117E847AB;2,00;;REFLETOR-LE 
8A6117K624AB;2,00;;BOMBA ELETRI
8A61A218B08BEXWA;1,00;;PROLONGADOR
8A6917009BB;1,00;;ISOLADOR ACUS
8A69A61735CA35B;1,00;;ALAVANCA
8A69A045G50AB3YY;2,00;;DIFUSOR AR
8E5Z6051F;3,00;;JUNTA
8E5Z18125A;1,00;;AMORTECEDOR
G3MJ6714AA;7,00;;FILTRO-OLEO MOTOR
8M5Z19D596B;1,00;;INDICADOR
8M5113404AD;1,00;;LANTERNA
8N1513335AA;1,00;;INTERRUPTOR
E3BZ5440320A;3,00;;PAINEL TRAS.
D3BZ8C607E;1,00;;MOTOR+HELICE
AN15N46506AB35BCAR;3,00;;PAINEL
8N15N47076ADCTR;2,00;;SUPORTE RODA
8N1513A603BB;3,00;;LANTERNA-LE
8S658K218BA;3,00;;RESERVATORIO 
8V4R3K169AA;8,00;;VEDADOR
8V5Z6038H;1,00;;SUPORT+COXIM
8V5Z2C190B;1,00;;SENSOR ABS
8V518005DG;1,00;;RADIADOR
8V5118D543AA;6,00;;FILTRO POLEN
8V6Z16138B;1,00;;SUPORTE
8V618K218AE;3,00;;RESERVATORIO
8V6118C553ADG;2,00;;MANGUEIRA
81TT7C396BA;1,00;;CHAVETA
82AG13464AA;1,00;;LAMPADA 21/5W
J7BZ17754GCAR;1,00;;SUPORTE
BF5X6B856AA;1,00;;RADIADOR OLEO MOTOR CUMMINS 6BTAA 5.9   6 CIL 
 BF0T10B300BA ;3,00;;TENSIONADOR DE CORREIA MOTOR CUMMINS 6BTAA 5.8 6CTAA  8.3   ( POLIA ESTRIADA FERRO )
8C3517K624AA;1,00;;BOMBA RESERV
XC3Z2A635AACAR;2,00;;CABO T.L.D D/T 1998/2002 
AB313A493BBCAR;4,00;;BUCHA        
AB313069ABCAR;4,00;;BUCHA INF.
       MB2T8501DACAR;2,00;;BOMBA DAGUA PERFECT 3.0 POWERSTROKER
9E5Z18159A;4,00;;BATENTE
BH3T10B300AA;1,00;;ESTICADOR CORREIA MOTOR CUMMINS ISF 2.8 4CIL EURO V 
BH0X10B300BA;1,00;;ESTICADOR  CORREIA MOTOR CUMMINS ISB 4.5  ISC 8.3  ( MOLA ESPIRAL )
BJ3T18045EA;4,00;;AMORTECEDOR
85HBE22600BAYYACAR;1,00;;MACANETA-INTERNA-30273
20-521;1,00;;POLIA TENSOR CORREIA FORD TRANSIT MOTOR  2.4 16V 
9L8Z1177G;5,00;;VEDADOR - LE
9L8Z2L527A;1,00;;JG.REPARO
9N157474CA;1,00;;SUPORTE CABOS
9N1519A705BC;1,00;;MANGUEIRA EVA
9S5G6250BA;4,00;;ARVORE COMAND
5C1Q6571AC;14,00;;VEDADOR DE VALVULAS MOTOR FORD TRANSIT MOTOR 2.2 16V MOTOR 2.4 16V 
9S6G12K073BA;1,00;;SENSOR CMP
95GP/  18A886/AC/;2,00;;HASTE ANTENA
96FB3K099AB;88,00;;ROLAMENTO
96FBK61479BA;8,00;;GRAMPO
96FB17N800AA;8,00;;GRAMPO
96MM6306AD;10,00;;ENGRENAGEM
96WT7124BA;2,00;;SINCRONIZADOR LUVA 1A/2A
96WT7B280AB;1,00;;SINCRONIZADOR
97AG4883AA;1,00;;ETIQUETA
97FGP4K338AACTR;1,00;;TRAVESSA
BG3X71023AACAR;1,00;;JUNTA 
6C1Q6C301HC;1,00;;CORREIA ALTERNADOR 
FAP4867;1,00;;FILTRO AR FORD TRANSIT MOTOR 2.4 16V MOTOR 2.2 16V 
BG5X9D290BA;2,00;;INTERRUPTOR PRESSAO OLEO MOTOR CUMMINS ISB 3.9 ISB 5.9 ( ROSCA M14X1,5 ) ( 0,45 BAR ) ( 2 PINOS )
8PK1505CAR;1,00;;CORREIA SEM AR
BK3Q6268AA;1,00;;KIT CORRENTE DISTRIBUICAO FORD TRANSIT MOTOR 2.2 16V ( COMPLETO )
8C3Z4L616BCAR;2,00;;RETENTOR DIFERENCIAL 
4C3Z3590CACAR;1,00;;BRACO PITMAN F400 CX VISTEON  
23B906051F;3,00;;SENSOR POSICAO VIRABREQUIM MOTOR CUMMINS ISF 3.8
BH1XA41304AA;1,00;;CALHA -CHUVA-CABINE-NOVA 
97KGA23342AB;9,00;;MANIVELA
97WT7D494AE;1,00;;TUBO
97ZT7C445AE;7,00;;GUIA
98FU13335BB;1,00;;INTERRUPTOR
98KU8K218AD;149,00;;RESERVATORIO
98MM6256A7C;2,00;;ENGRENAGEM
98WT7K201AD;1,00;;PLACA
98WZ7C043A;1,00;;ANEL EXTERNO
XS6E6L266AH;72,00;;TENSIONADOR CORRENTE ROCAM
XS6E6051AD;26,00;;JUNTA CABECOTE ROCAM 1.0
96MM6571BH;12,00;;VEDADOR
E3B5A451A20AGCTR;1,00;;DEFLETOR - LD
3C3Z3254CACAR;2,00;;RETENTOR DE VACUO F250/4000 4X4
J7BZ15266J;1,00;;COBERTURA-LE
CN1517A881AD;1,00;;SUPORTE-LD
E4BZ13405LCAR;2,00;;LANTERNA
D2BZ15A245B;1,00;;ARO FAROL
CN1Z7440320E;2,00;;PAINEL TRAS.
J7BZ16138F;4,00;;PAINEL SUP.RA
E3B517618AA;3,00;;RESERVATORIO
XC358B273AFCAR;1,00;;MANG.INF.CUMMINS-1998/2012  
E3BZ58404A06B;2,00;;GUARNICAO
9L5513005ADCAR;1,00;;FAROL
9L5513006ADCAR;1,00;;FAROL
6C1Q6C344ABCAR;2,00;;POLIA LISA PLAST. 
F2TZ16916AACAR;2,00;;CABO ABRIR 
E3B118080CA;2,00;;AMORTECEDOR
AV613K100A2D;22,00;;BATENTE
CN15N24571AC;1,00;;MOLDURA
GN1Z9439A;9,00;;JUNTA
E3BZ17754B;2,00;;SUPORTE
XC455K487AA;1,00;;BRACADEIRA
TJG129620ACAR;1,00;;FILTRO-AR-INTERNO
2C341000192LA;1,00;;COXIM
F81Z3B458AACAR;2,00;;REPARO ARRUELA 
F2DZ3E700A;1,00;;ROLAMENTO
E5HT18985AAN2N;2,00;;GRADE
CM5Z8501H;1,00;;BOMBA AGUA FORD KA 1.3 3CIL ANO 2015...
BG6T9A564ACAR;1,00;;TUBO-DRENO-03.PONTAS
JA6B15A299ABCAR;1,00;;GRADE
BXOATFAA;14,00;;OLEO ATF TEXAMATIC 7045 E
6C355484BA;20,00;;BUCHA BARRA ESTABILIZADORA DIANTEIRA F250 F350  ( 33MM )
2C353B438ABCAR;1,00;;BIELETA LD 
6C1Q9H321ABCAR;1,00;;VALVULA 
81DBE21510ACCAR;1,00;;GUARNICAO APOIO  
W520110S442;5,00;;PORCA
W527008S437;3,00;;ANEL RETENTOR
W528008S900;10,00;;BUJAO 25MM
2C3Z7C522G;43,00;;CILINDRO EMBREAGEM MESTRE FORD F250 F350 F4000 ANO 1998...
W700678S442;6,00;;PARAFUSO M12
W700843S306;5,00;;PARAFUSO
W702413S307;15,00;;PARAFUSO M5
W702438S300;5,00;;PORCA EXPANSI
W702751S437;4,00;;PORCA M6
W703355S303;2,00;;GRAMPO
W703507S300;10,00;;RETENTOR
W705134S440;5,00;;PARAFUSO M6
W706676S300;20,00;;RETENTOR
W707977S300;7,00;;PORCA EXPANSI
W708508S442;2,00;;PARAFUSO M12
W709253S300;2,00;;BATENTE
W711035S300;7,00;;PRESILHA
W711784S300;10,00;;ARRUELA
W712143S900;6,00;;TAMPAO 25MM
W715694S300;40,00;;PRESILHA
W715764S300;3,00;;BATENTE
W715776S300;1,00;;ANEL VEDADOR
W716455S300;4,00;;RETENTOR
W716890S450B;2,00;;PARAFUSO
W717164S300;11,00;;PORCA
W717523S437;4,00;;PORCA M6X0,5
W719147S300;1,00;;BATENTE
W719148SS5JA;2,00;;RETENTOR
3M35P43001ACAR;1,00;;DOBRADIÇA
2C4516605CCCAR;1,00;;EMBLEMA 2626 
BH4XA41304AA;1,00;;JOGO DE CALHA
W700029S300;20,00;;TAMPAO
W701331S442;30,00;;PARAFUSO M8
E3B11130BACAR;1,00;;CALOTA
W703224S300;4,00;;PORCA 4,8
W703649S300;2,00;;PINO GUIA
W703872S300;1,00;;GRAMPO
W704408S300;13,00;;PORCA
W713297S300;3,00;;PRESILHA
BM5Z16006ACAR;1,00;;PARA-LAMA
ZBA905225B;45,00;;ROTOR
C1BB13W030CHCAR;1,00;;FAROL
2C353B008BA;1,00;;BARRA DIRECAO COMPLETA TRACAO 4X2 FORD F250 F350
BK317540AB;1,00;;KIT EMBREAGEM FORD TRANSIT 2.2 16V TURBO DURATORQ ( ANO 2011-2014 ) ( SEM TUADOR )
6C1118045GG;2,00;;AMORTECEDOR DIANTEIRO  FORD TRANSIT ANO 2008 A 2013 
5311011CAR;4,00;;ANEL-TRAVA DO PINO DO PISTAO
6C1119G244AAKCAR;1,00;;FILTRO DO AR
F1EZ15K601L;4,00;;CONTROLE REMO
AB3Z17B807E;3,00;;ALMOFADA
AB31/    1106/CF/;1,00;;CUBO
AB311107AA;9,00;;PARAFUSO
AB315719AC;1,00;;BUCHA
BS656571AA;2,00;;VEDADOR DE OL
AB3118198AC;2,00;;BUCHA
AB3118199AA;2,00;;ESPACADOR
AB312L548AA;1,00;;JG.REPARO
AB313R700BB;1,00;;RESERVATORIO
BK3Q6051B1C;1,00;;JUNTA CABECOTE FORD TRANSIT MOTOR 2.2 16V ( GRADE II DIAMETRO  1,15MM ) EM ACO 
YS4Z4A013BA;1,00;;PONTA DE EIXO
AYFS22CJ;59,00;;VELA IGNICAO 
95BB9B929AA;1,00;;ISOLADOR 
7S6G12405AA;4,00;;VELA-IGNICAO-ZETEC/SIGMA
CM5Z8592ABCAR;1,00;;CARCACA
AB394794BA;1,00;;GARFO
AB396038LB;2,00;;COXIM
AB397540CB;1,00;;KIT PLATO DISCO FORD TRANSIT 2.2 16V TURBO DURATORQ ANO 2011...
AB3917787BB;1,00;;BRACO - LD
AB394C013AA;1,00;;COIFA
AB394C051AA;2,00;;CRUZETA
AB395L224AA;1,00;;SENSOR
AB39502S5AB;1,00;;PROTETOR-LE
AB396B032LB;2,00;;COXIM
J7BZ16006D;5,00;;PARA-LAMA-LE
7L5517C617CACAR;2,00;;RESERVATÓRIO
YS4Z7107DA;5,00;;ANEL SINCR.. 1A/2A
F81Z1S175HCA;6,00;;RETENTOR SEMI EIXO DINTEIRO FORD F250  F4000 4X4 ANO 2006...
AB396B850BE;1,00;;MANGUEIRA
AB396C301EA;1,00;;CORREIA
AB397B215AA;1,00;;VEDADOR
AB397C560AC;2,00;;ADAPTADOR
AB398B274BC;1,00;;MANGUEIRA-SUP.-(3.2L)
AB398C284AB;1,00;;DEFLETOR
AB398K618AA;1,00;;COBERTURA-DEFLETOR
AB399A612BB;1,00;;BANDEJA FILTR
AB399B072AD;1,00;;FILTRO COMB.
AB3913W030UD;1,00;;FAROL - LD
XC358B274A;2,00;;MANGUEIRA SUPERIOR RADIADOR FORD F250 F350 F4000 
AB3917A793AC;1,00;;SUPORTE - LD
AB3917K746CA;1,00;;COBERTURA-LD
T010024CAR;1,00;;SENSOR-NIVEL-TSA-F250/F350  
TJG721613;1,00;;SUPORTE
D3BB13W029BBCAR;1,00;;FAROL
AB3919A216AA;1,00;;POLIA
7S6515K201ABCAR;2,00;;FAROL
AB392116720AA5BA;1,00;;EMBLEMA XLS
AB392122050HB;1,00;;JG.CILINDROS
AB392122643BD3EN;1,00;;MOLDURA - LE
AB392128552AA;1,00;;TRAVESSA
AB392161635AA3A0;1,00;;COBERTURA
CC1Z7A543E;1,00;;CILINDRO MESTRE FORD TRANSIT 2.2 ANO 2012 / 2013 
BXO5W20DA;400,00;;OLEO LUBRIFICANTE 5W20 TB
CN1517F788AA5CQCAR;1,00;;APLIQUE INFERIOR
AB3921402A84NA5BM;2,00;;EMBLEMA RANGE
ACPA1012EXA;16,00;;PORCA M12X1,5
ACPZ1012H;46,00;;PORCA M12X1,5
ACPZ1107B;4,00;;PARAFUSO M12
AE5Z8276B;4,00;;MANGUEIRA
AE5Z16006A;2,00;;PARA-LAMA
6C4516605KACAR;1,00;;EMBLEMA-2428E-2005/2009
4C45E254W02ABCAR;1,00;;EMBLEMA-6x2-2005/2011
4C343504AB;1,00;;CAIXA DIRECAO FORD F250 F350  ( COM BRACO PITMAN )
KIT100194DPCAR;2,00;;KIT 510 CABINE DUPLA
BG5T6571AA;16,00;;VEDADOR
BF0X6701AA;1,00;;RETENTOR TRASEIRO  MOTOR CUMMINS 4BT 3.9  6BT 5.9 ISB4 ISB6 6CT 8.3  ISC 8.3  ISL 8.9 
GN1Z6051B;4,00;;JUNTA CABECOTE MOTOR ECOSPORT 1.5 DRAGON 
AE8Z7052B;3,00;;VEDADOR
AE8Z10732A;1,00;;SUPORTE
AE8Z17682E;1,00;;ESPELHO-LD
AE8Z2A635A;1,00;;CABO TRASEIRO
AE8Z2K478A;1,00;;RESERVATORIO
AE8Z7A564C;2,00;;JG.TUBO-GUIA EMBREAGEM
AE8Z7D000B;2,00;;TUBO DE SAIDA
AE8Z7E395L;2,00;;CABO ALAVANCA
BK3Q6B624CB;1,00;;RESFRIADOR OLEO MOTOR FORD TRANSIT MOTOR 2.0 16V MOTOR 2.4 16V ( ELEMENTO )
8C119F476ABCAR;1,00;;MANGUEIRA
BG1X9601BA;2,00;;FILTRO AR ELEMENTO  EXTERNO (  AF25997  ) PADRAO ORIGINAL 
M1PZ/  15A201/C /;2,00;;REFLETOR-LE
AE8Z17D995B;1,00;;ENCHIMENTO
AE8Z17E855A;1,00;;ENCHIMENTO
AE8Z17E856A;2,00;;REFORCO-LD
AE8Z5411215A;1,00;;PAINEL
AE8Z5426412A;3,00;;FECHADURA-LD
AE8Z54405A26A;1,00;;TAMPA
AH6Z5443252A;1,00;;BATENTE
AL3Z7G276D;1,00;;CONECTOR
AM5G9F593BA;10,00;;INJETOR COMB.
AM5110A659AD;1,00;;COBERTURA
85HB3675AA;1,00;;TRAVA COLUNA DIRECAO FORD CARGO  ANO 1985 A 2011 ( SEM COMPUTADOR E CILINDRO )
AM557A564AB;4,00;;CILINDRO HIDR 
AN151007BA;1,00;;RODA DE LIGA
AN217A564AC;5,00;;CILINDRO ATUADOR EMBREAGEM FORD 
AS657A543AB;3,00;;CILINDRO EMBR
AS659F593BA;2,00;;INJETOR COMB.
               R9008;2,00;;BUCHA DA BARRA ESTABIL
AV1Z19712Q;1,00;;CONDENSADOR
AV6N19G244AA;1,00;;FILTRO POLEN
AV616P013CG;1,00;;ISOLADOR
AV617M121BC;1,00;;COXIM CX.MUD.
AY1Z5486A;5,00;;BRACADEIRA
BA1Z7821411AB;1,00;;VIDRO 
BA6Z7061A;1,00;;ARVORE SEC.
BA6Z7107A;1,00;;ANEL SINCRONI
BA6Z7107B;1,00;;ANEL SINCR.
BA61A20571AA;1,00;;GUARNICAO LE
BB3Q6B319BA;1,00;;POLIA AMORTECEDORA VIRABREQUIM MOTOR 3.2 FORD RAGER 2012...
BB3Q6D309BAA;2,00;;JG.CASQUILHOS BIELA STD 3.2L
BB3Q6D309CAA;1,00;;BRONZINA DE MANCAL FORD TRANSIT MOTOR 2.2 16V  ( STD  )
BB3Q8A586AB;4,00;;CONEXAO TERMO 
BB3Q8K512BD;1,00;;MANGUEIRA
BB3Q9F476CB;1,00;;MANGUEIRA-RESF.VALV.EGR   
BB5Z1S177C;1,00;;VEDADOR OLEO
BB5Z7A098E;1,00;;FILTRO DE OLE
6C1Q6C301HCCAR;1,00;;CORREIA.24L.C/AR-7PK2840
H60110CAR;1,00;;FILTRO-RESERV.DIR.HIDR.(MAN)
AC456068BA;2,00;;COXIM TRASEIRO MOTOR ISB 4CIL 6CIL CARGO E NOVO CARGO ( TARJA BRANCA )
GN1Z6337D;8,00;;CASQUILHO SUP
      6S6511572AA;1,00;;TRAVA DIRECAO NOVO CARGO ANO 2011...
BC456784BA;1,00;;VARETA NIVEL OLEO NOVO CARGO  ( 1802MM ) MOTOR CUMMINBS ISB 6CIL 
MB5A15W40CK41;24,00;;OLEO LUBRIFICANTE PARA MOTORES DIESEL SAE 15W40 API CK 4  SEMISSINTETICO ( 1 LITRO )
6C1Q6744BA;1,00;;ELEMENTO DO FILTRO DE OLEO LUBRIFICANTE DO MOTOR 2.4 16V PUMA TCI DIESEL
8C3Z3049B;1,00;;KIT PIVO SUSPENSAO FORD F250/350
CN1513W030AECAR;2,00;;FAROL ECOSPORT
BK3Q6M090AB;10,00;;VELA AQUECEDORA
8PK1445CAR;1,00;;CORREIA-13180/15180-MWM/1721 815- 915-712-814
GL3Z13480A;2,00;;INTERRUPTOR DA LUZ DO FREIO FORD F250 F350 F4000
BG5X/    6051/AA/;1,00;;JUNTA CABECOTE MOTOR CUMMINS SERIE ISBE 4CIL  ( METALICA 1,25MM ) 
E3B513404AJ;1,00;;LANT.TRAS.-LD
TAC413435CAR;8,00;;BUCHA SUPERIOR NFERIOR AMORTECEDOR DIANTEIRO TRASEIRO ( BI PARTIDA )
BB5Z7826800A;1,00;;DOBRADICA-LD
BE8Z3280A;1,00;;TERMINAL AXIA
BE8Z5586A;1,00;;ASSENTO SUPER
H3B5B16636AACAR;1,00;;LOGOTIPO
DC468A365BC;1,00;;MANGUEIRA 
BE8Z5793A;3,00;;ASSENTO INFERIOR MOLA
BE8Z6051A;3,00;;JUNTA CABECOT
BE8Z6065B;12,00;;PARAFUSO
BE8Z6211B;8,00;;CASQUILHO
BE8Z7110A;1,00;;ENGRENAGEM 4A
BE8Z8124A;22,00;;COXIM INF.
BE8Z13832C;2,00;;BUZINA ALARME
BE8Z6A340A;10,00;;PARAFUSO
BE8Z6K292C;6,00;;VEDADOR
BE8Z6L621A;1,00;;JUNTA DO RESF
BE8Z7B340A;2,00;;ENGRENAGEM 3A
BE8Z7K316A;1,00;;ENGRENAGEM 5A
BE8Z8K556A;3,00;;ADAPTADOR
BE8Z13N129A;8,00;;PRESILHA
BE8Z19E616B;1,00;;MOTOR ATUADOR
BE8Z5462187CB;1,00;;PROTETOR-LE
BE8Z5825324A;1,00;;GUARNICAO
BE8Z54254K06AA;1,00;;COBERTURA
BH9A17757BA;2,00;;PARA-CHOQUE 
AC456038BB;1,00;;COXIM DIANTEIRO MOTOR SUPERIOR INFERIOR FORD NOVO CARGO
7S5517K823CBXWA;3,00;;PARA-CHOQUE
J7BZ13008VCAR;2,00;;FAROL
1S7A13466AA;1,00;;LAMPADA 1141 1145 12V 1P/12V-(1145A)  (  COR AMBAR  )
6C358A080AC;5,00;;RESERVATORIO DE EXPANSAO DO RADIADOR DE AGUA FORD F250 F350 4000 
"	BF8T1217AA";2,00;;ROLAMENTO RODA DIANTEIRO INTERNO (LM102949/LM102910)
85TU1102A;1,00;;CUBO RODA DIANTEIRO F4000 ( COM DISCO T72615283 2SH615283  COM E SEM FREIOS ABS )
1C455486BA;2,00;;SUPORTE ABRACADEIRA INFERIOR BUCHA BARRA FORD CARGO 815 
BG7X7086CA;2,00;;JOGO JUNTAS  CAMBIO EATON 6 MARCHAS FS5106 FS5306 FS6206 FS6306
XC351102EA;2,00;;DISCO DE FREIO FORD F250 F350  ( VENTILADO COM CUBO )
000030RS;2,00;;VALVULA DRENO COLETOR PO CARCACA FILTRO DE AR 
BG5X6731AA ;1,00;;FILTRO OLEO LUBRIFICANTE MOTOR CUMMINS ISB ISF  ( LF16015 )
BG1X8620AACAR;1,00;;CORREIA-GATES-4BTA/6BTA
AB393C434BA;1,00;;BUCHA
T13312017CAR;1,00;;VEDADOR ORING TORRE-SB07888GR
JU2Z6731B;22,00;;ELEMENTO DO FILTRO DE OLEO LUBRIFICANTE DO MOTOR COM GAXETA
BH2T9001004BACAR;2,00;;PROTETOR
JB3Z3504AC;1,00;;CAIXA DIRECAO FORD RANGER ANO 2019 A 2023 ( ELETRICA )
BS6517B968ABCAR;1,00;;GRADE
BH5A/    DOT4/AA/500;4,00;;FLUÍDO DE FREIO E EMBREAGENS DOT4   ( OLEO FREIO DOT 4 ) 500 ML 
XC3Z2A635BACAR;3,00;;CABO ESTAC. T.L.D  F-250 1998/2002 
BG5T6K254AA;5,00;;TENSIONADOR INFERIOR DA CORRENTE
BG5T6M273BA;1,00;;GUIA
BG5T9F585AA;1,00;;JUNTA
XS6E6051BF;1,00;;JUNTA CABECOTE ROCAM 1.6
AV6Z6038A;3,00;;SUPORTE
BF7T81611A73GCAR;1,00;;JOGO CINTO DE SEGURANÇA
4C1R7665BA;2,00;;RETENTOR-SELO
BG9A11130AA;1,00;;SUPORTE MANC.
BH1A12280AA;17,00;;JG DE CABOS 
GN15N47076AACTR;3,00;;SUPORTE RODA
2L5Z8A080AACAR;1,00;;RESERVATORIO AGUA 
W713228S307;6,00;;PINO GRADE
J7BZ9601B;2,00;;ELEMENTO AR 
6C355A281BA;1,00;;BRACADEIR-ESCAP 
BJ3A/   18045/KA/;7,00;;AMORTECEDOR TRAS. LD/ LE
BJ3T18045BA;2,00;;AMORTECEDOR DIANTEIRO LD/LE
AB3Z/ 2122801/C /;1,00;;HINGE-DOOR    CX.824890/32
1C45P10433AC;1,00;;PROTETOR DO ESTRIBO FORD CARGO  ( ENCHIMENTO LATERAL )
BH5A80W90AA1;9,00;;OLEO 80W90
CN1Z7425860F;1,00;;GUARNICAO-LD
BH4T7890AA;4,00;;JG. MANGUEIRA
2S65A20480ACCAR;1,00;;COBERTURA PLA
1C4516490BBCAR;1,00;;SOLEIRA DO ESTRIBO L E DUPLO (BF30085)
1C4516491BBCAR;1,00;;SOLEIRA DO ESTRIBO DUPLO LD (BF30086)
F4TZ16758A;2,00;;BATENTE CAPUZ FORD F350 F4000 ANO 2008....
BL5513006BACAR;2,00;;FAROL
5S6G8A586BACAR;15,00;;CONJUNTO TERMOSTATO ROCAN VALVULA ( PLASTICO )
BH6A9A564AA;1,00;;JG FIXACAO CA
BH7T5420878AAPRD;1,00;;JG FRISOS
1C355484AACAR;2,00;;BUCHA
6C1Q6744BA;1,00;;FILTRO DE OLEO FORD TRANSIT MOTOR 2.2 16V TRANSIT MOTOR 2.4 16V
BJ0Z17A900A;1,00;;COBERTURA     CX.201517/72
BH9A17757AA;2,00;;PARA-CHOQUE
81DB16C680AA;2,00;;PRESILHA CAPO FORD CARGO
BH9A16K194AA;6,00;;PRESILHA
BH9A17A989AA;1,00;;COBERTURA
BH9A/  17K819/EA/;1,00;;PARACHOQUE DIANTEIRO  ECOSPORT
BH9A17K819GA;1,00;;PARA-CHOQUE
BH9A17K823BA;1,00;;PARACHOQUE TRASEIRO HATCH 2007/2014
BH9A17K835FA;1,00;;PARA-CHOQUE
BH9A17K835HA;2,00;;PARA-CHOQUE
BH9A17K835MA;2,00;;PARA-CHOQUE
BJ5Z6214A;2,00;;PARAFUSO
BK2Q6K868BA;3,00;;VALVULA-INJETO-OLEO 2.2L
BK2Q9M577CA;150,00;;ANEL VEDACAO
BK3Q6K260AA;3,00;;JUNTA-TAMPA-VALV.
BK3Q9T529AB;1,00;;RETENTOR 
BM5T15K872ACXUA;3,00;;SUPORTE SENSO
BM5Z6C315A;1,00;;SENSOR ROTACAO 
BM5Z16C199A;1,00;;SUPORTE - LE
BM51R42528BA;1,00;;LOGOTIPO FOCU
BM51N280B62AA;2,00;;GRADE TRASEIR
BM557A564AB;5,00;;CILINDRO HID 
BF6T6584AA;8,00;;JUNTA TAMPA VALVULAS MOTOR CUMMINS 4BTAA 3.9  4 CIL. 6BTAA 5.9  6CIL. 
BR3Z6500A;15,00;;REGULADOR HID
BR3Z7H103A;1,00;;SENSOR
BS5Q6C301AA;6,00;;CORREIA MOTOR
BS6513005BF;1,00;;FAROL-LE
BS6513006AG;1,00;;FAROL-LD
BT4Z8620A;1,00;;CORREIA MOTOR
BT4Z8620D;2,00;;CORREIA MOTOR
BT4Z18124D;1,00;;AMORTECEDOR
6S65F42701ACCAR;1,00;;DOBRADIÇA
TAP807801;2,00;;SUPORTE PLACA FORD CARGO  VOLKS (  PRETO )
F1FZ7B546B;4,00;;JG.EMBREAGEM
HS7Z17C882AACAR;1,00;;ISOLADOR
GK2Q6700AACAR;4,00;;RETENTOR DA POLIA
BT4Z17K605A;2,00;;MANGUEIRA
BV2Z5586B;12,00;;ASSENTO SUPE
BV6Z8260G;10,00;;MANGUEIRA
C1BC5484BB;6,00;;BUCHA DA BARR
BV614A084BB;1,00;;JG.COIFA JUNT
BV614C062DA;2,00;;JG.COIFAS HOM
BV615K570A3A;5,00;;BATENTE
BV615K743AA;1,00;;BRACO
BV6118K580KK;1,00;;MANGUEIRA
6C1J2K021AB;1,00;;PASTILHA DO FREIO DIANTEIRA  FORD TRANSIT ANO 2008 A 2013 
   85HBE22600BAFACAR;2,00;;MACANETA INTERNA
BC458101AA;25,00;;TAMPA RESERVATORIO AGUA FORD CARGO ( COM VALVULA 1,0 BAR )  AMARELA
BT4Z8200CCAR;1,00;;GRADE
CA6Z7515J;1,00;;JG.ATUADOR N-1  EMBREAGEM
CA6Z7515K;3,00;;JG.ATUADOR N-2 EMBREAGEM
CA6Z7A508E;2,00;;JG.CILINDRO EMBREAGEM
CA6Z7D000A;2,00;;TUBO DE SAIDA
CE8Z14401FA;2,00;;CHICOTE PNL I
CE8Z5461753BA;1,00;;ALAVANCA-LE
CJ5Z9G444B;1,00;;SENSOR
CM5E8620BA;1,00;;CORREIA
AB396C301AB;1,00;;CORREIA-7PK3136 C/AR 2.2L ATE 2016/
YC353R700BA;2,00;;RESERVATORIO DE OLEO BOMBA  DIRECAO HIDRAULICA F350 F4000
CM5G12405CE;7,00;;VELA IGNICAO
CM5G6K260EB;1,00;;JUNTA TAMPA
CM5G61J20AA;5,00;;VALVULA
CM5G9L461BA;2,00;;JUNTA COLETOR
CM5Z6065A;28,00;;PARAFUSO
CM5Z6333C;3,00;;CASQUILHO INF
CM5Z6333D;34,00;;CASQUILHO SUP 
CM5Z6333E;2,00;;CASQUILHO SUP
CM5Z6333M;1,00;;CASQUILHO INF
CM5Z6335A;1,00;;RETENTOR+PLAC
CM5Z6337A;6,00;;CASQUILHO SUP 
CM5Z/    6584/A /;3,00;;JUNTA TAMPA
CM5Z6700B;5,00;;RETENTOR DIAN
CM5Z8255B;8,00;;JUNTA VEDACAO
CM5Z8290C;1,00;;MANGUEIRA
CM5Z8548C;2,00;;CONEXAO SAIDA 
CM5Z8575D;2,00;;VALVULA TERMO
CM5Z8592B;2,00;;CONEXAO+VALV.
CM5Z8620DA;2,00;;CORREIA
CM5Z00812G;5,00;;PARAFUSO M8
CM5Z18599B;2,00;;CONEXAO ENTRA
CM5Z6A345A;3,00;;PARAFUSO M16
CN1AA22050CA;3,00;;JG.CILINDRO
CN1Z2200B;1,00;;JG SAPATAS
CN1Z13404K;1,00;;LANTERNA TAMP 
CN1Z17528A;1,00;;PALHETA
CN1Z9E926C;1,00;;CORPO DE BORBOLETA FORD ECOSPORT KA 
CN1Z13A613E;1,00;;LANTERNA
CN118C012AA;1,00;;MANGUEIRA
CN1118K579CA;2,00;;MANGUEIRA 
CN1118K580AD;1,00;;MANGUEIRA 
CN152078AA;1,00;;TUBO FREIO-LD
7S557M121CD;4,00;;COXIM CX.MUD.
AB3Z6K683Q;2,00;;MANGUEIRA
XC459275AA;1,00;;BOIA TANQUE PLASTICO 150 LITROS  
8C459275ABCAR;1,00;;BOIA TANQUE PLASTICO 150 LITROS   
BH2X8575AA;2,00;;VALVULA TERMOSTATICA MOTOR CUMMINS ISB 3.9 4CIL.  ISB 5.9 6CIL.   ( 82 GRAUS )
GN1G9K478BACAR;12,00;;CJ VALV TERM FORD KA/ ECOSPORT
6649C;1,00;;RESERVATORIO TANQUE DE EXPANSAO COM TAMPA   OBS  UMA SAIDA E 2 SENSORES **********************
CN155484AA;35,00;;BUCHA
CN157277AA;10,00;;GUARDA-PO ALV
CN1517666AB;2,00;;ESGUICHO
CN1518045B1D;1,00;;AMORTECEDOR
CN1518097AA;2,00;;AMORTECEDOR
CN1518097A1A;2,00;;AMORTECEDOR
CN157A564AB;1,00;;CILINDRO HID
BK2Q9M577AA;1,00;;ANEL DE VEDACAO DO INJETOR DE COMBUSTIVEL FORD TRANSIT 2.2
CN158B081AD;1,00;;MANGUEIRA
CN158B273AD;1,00;;MANGUEIRA
CN158C436CA5SM;1,00;;MOLDURA
CN159A299HA;1,00;;BOIA
CN159K155AB;1,00;;SUPORTE FILTRO COMBUSTIVEL
CN15A03100BF;1,00;;VIDRO P/BRISA
CN1Z7E395J;2,00;;CABOS ALAV.MD 
CN15A27407EE1FT;1,00;;PAINEL PRT-LE
CN15N20562AD;1,00;;GUARNICAO-LD
CN15N21510AF;1,00;;GUARNICAO-LD
CN15N24570AC;2,00;;MOLDURA
CN15N25861AA;1,00;;GUARNICAO-LE
CN15N26230AA;1,00;;CANALETA LD
CN15N53850AACTR;2,00;;SUPORTE-LD
CN1515A299BB5ZC;1,00;;MOLDURA - LE
CN1515K273AD;1,00;;LANTERNA-LE
CN1516C618CA;1,00;;BATENTE
CN1517A870BA;2,00;;REFORCO-LE
CN1517A882BE;2,00;;SUPORTE-LE
CN1517K835CD5ZC;1,00;;PARA-CHOQUE
CN1518C299AC;1,00;;DUTO-LE
CN1518K001A1D;1,00;;AMORTECEDOR 
CN1518K001B1D;2,00;;AMORTECEDOR
CN15N274A32AB;1,00;;MOLDURA-LD
CP9Z6500HCB;1,00;;TUCHO-3,625MM
CP9Z6500JCB;1,00;;TUCHO-3,725MM
CP9Z8592G;1,00;;VALVULA
CP9Z6K297A;2,00;;GUIA DISTRIBU
CP9Z5442528C;2,00;;LOGOTIPO
6C11V23201AD;1,00;;MAQUINA VIDRO PORTA DIANT. ESQ. / 74772
CT4Z16612A;1,00;;CAPUZ
CV1Z3B436A;1,00;;SEMI-EIXO-LD 
CV115414AB;2,00;;ASSENTO INFER
CV216F012FC;10,00;;SUPORTE
CV216P082EB;8,00;;LIMITADOR TORCAO CAMBIO
C1BB15A222DA5UA;1,00;;GRADE-LE
C1BB17A881AB;3,00;;SUPORTE-LD
C1BB17B968AASMA;1,00;;GRADE RADIADO
C1BC3K100AB;5,00;;BATENTE HASTE DIAN. AMORT.
C1BT15C854AA;1,00;;COBERTURA
C1BZ1007A;1,00;;RODA LIGA LE
C1BZ8213A;1,00;;EMBLEMA FORD
C1BZ8260K;1,00;;MANGUEIRA
C1B18C012AD;7,00;;MANGUEIRA
C1B18C012CA;1,00;;MANGUEIRA
C1B18C362AA;2,00;;BUJAO DE DREN 
DA8Z8620A;1,00;;CORREIA DO MO
DCP12C299B1B;2,00;;CUBO DA RODA
DCP9/    1402/AA/;1,00;;TRAVA RODA
CN155484BA;10,00;;BUCHA
DE8Z5426604CA;1,00;;MACANETA
DG9Z2078E;1,00;;TUBO - LE
DG9Z2078F;1,00;;TUBO-LD
DG9Z3020C;2,00;;BATENTE
DG9Z5484D;4,00;;BUCHA DIANTEIRA BARRA
DG9Z5493F;2,00;;ISOLADOR
F81Z2513284AA;1,00;;RETENTOR
DG9Z18198A;2,00;;ROLAMENTO
DG9Z2K478B;1,00;;RESERVATORIO
DG9Z3A197AB;2,00;;PLACA
DG9Z7M125B;1,00;;SUPORTE
J7BZ8B433A;1,00;;PAINEL SUP.R
J7BZ8B434A;2,00;;DEFLETOR
E3BZ16700D;1,00;;TRINCO 
J7BZ17A870B;2,00;;SUPORTE-LE
DM5G6100BA;4,00;;JG PISTAO/BI
DN15N03590AB;2,00;;GUARNICAO
DR3Z8566B;40,00;;CONECTOR MAN
E3B5A406A10AE;12,00;;AMORTECEDOR
E3B517A882AD;1,00;;SUPORTE-LE 
DS7Z6049H;1,00;;CABECOTE COM
1S7G6K260AACAR;2,00;;JUNTA TAMPA  
DS7Z8260A;1,00;;MANGUEIRA
DS7Z15266B;1,00;;SUPORTE-LE
DS7Z16006A;1,00;;PARA-LAMA
DS7Z/   17788/A /;1,00;;SUPORTE
E3BZ16700C;1,00;;TRINCO
DS7Z17D743V;1,00;;COBERTURA-LE
DS7Z5425767G;2,00;;CANALETA
GN158B262AA;1,00;;EMBLEMA FORD
J7BZ16138G;1,00;;PAINEL INFER.
D3BB17K876ADCTRCAR;2,00;;REFORCO TRANSVERSAL DIANTEIRO 
D3BB13W029BB;1,00;;FAROL - LD
D2BZ9600D;1,00;;FILTRO DE AR
D2BZ13008K;1,00;;FAROL - LE
D2BZ17906BC;1,00;;PARA-CHOQUE
D2BZ18198A;8,00;;BATENTE HASTE AMORTECEDOR
D2BZ17B968AA;1,00;;GRADE RADIAD.
D2BZ17K945AA;1,00;;GRADE INFER.
D2BZ5440320A;1,00;;PAINEL TRAS.
D3BB13404AC;2,00;;LANTERNA TRAS
D3BB17757ABXWA;2,00;;PARA-CHOQUE
D3BBA29710BB;3,00;;VIDRO FIXO-LD
D3BBA40406AB;1,00;;GUARNICAO
D3BBB03198AC34X;1,00;;REVESTIMENTO
D3BB13W029AB;1,00;;FAROL - LD
D3BB13W030AB;1,00;;FAROL - LE
D3BB15B200AA5UA;1,00;;ARO DO FAROL
D3BB15B200AB5UA;1,00;;ARO DO FAROL
D3BB17B968BA5UA;1,00;;GRADE RADIADO
AA6116K194AA;20,00;;PRESILHA
D3BB17D781AA5YZ;2,00;;COBERTURA
D3BB17F816AAUAW;1,00;;MOLDURA
D3BC1130BA;3,00;;CALOTA
D3BT13A024AB;1,00;;INTERRUPTOR
D3BT13A024BB;1,00;;INTERRUPTOR
D3BZ5035B;1,00;;EIXO TRASEIRO
BG5X/   19589/BA/;29,00;;OLEO PARA TRANSMISSAO EATON 40W VERDE (  3001000R )
D3B53B437AC;1,00;;SEMI-EIXO-LE
D5BB8121AA;1,00;;DEFLETOR-LD
D5BB8122AA;1,00;;DEFLETOR-LE
N604137S424;2,00;;PARAFUSO
EB3B22600CBSMS;1,00;;MACANETA - LD
EB3B15A298AB;1,00;;MOLDURA-LD
EB3B16C826BA;5,00;;AMORTECEDOR
EB3B16C827BA;6,00;;AMORTECEDOR
EB3B17W996AB;2,00;;SUPORTE-LD
EB3B17W997AB;1,00;;SUPORTE-LE
EB3B2610129FA;1,00;;TRAVESSA
EB3B4120531AC;1,00;;GUARNICAO
EB3B41402A84AA5BA;4,00;;EMBLEMA RANGE
EB3C1007F3B;1,00;;RODA L.LEVE
EB3C2422FA;1,00;;RESERVATORIO
EB3C3A016AA;2,00;;BATENTE DIANT. 
EB3G18K582CF;1,00;;MANGUEIRA
EB3T10723CA;1,00;;BANDEJA
EB3Z2140L;1,00;;CILINDRO MESTRE DO FREIO COM RESERVATORIO FORD RANGER 
EB3Z2140M;2,00;;CILINDRO MESTRE DO FREIO COM RESERVATORIO NOVA RANGER ANO 2016 A 2023 
EB3Z3085L;1,00;;BRACO-LE
EB3Z8419C;1,00;;MOLDURA GRADE
EB3Z8419J;1,00;;MOLDURA GRADE
EB3Z9600G;1,00;;FILTRO DE AR
EB3Z1A189A;2,00;;SENSOR
EB3Z2A635E;2,00;;CABO FREIO
EB3Z2113208AH;1,00;;PLACA SOL.-LD
EG9Z13341BB;6,00;;INTERRUPTOR
EM2T15C868CA;2,00;;SENSOR ESTAC.
U801140S;16,00;;PRESILHA
EM5Z8620A;1,00;;CORREIA
EN1Z17E810BA;1,00;;MOLDURA CROMA
EN1Z17E811BB;1,00;;MOLDURA CROM
EN1Z7402501E;1,00;;MOLDURA-LE
EV6Z3B436Q;4,00;;JOGO JUNTA HOMO
CM5Z8620F;3,00;;CORREIA MOTOR  6PK1502
E3BC18159AA;2,00;;GUARDA-PO
E3BG6011DA;3,00;;BLOCO MOTOR
E3BG6600DC;1,00;;BOMBA DE OLEO 
E3BG6801AA;1,00;;VALVULA
E3BG6A266BB;1,00;;ARVORE COM.AD
E3BG6C525BA;1,00;;ENGRENAGEM
E3BZ13008H;2,00;;FAROL-LE
E3BZ18198D;2,00;;BATENTE AMORT
E3BZ19712B;1,00;;CONDENSADOR
E3BZ9P686C;2,00;;BATENTE PORTA
E3BZ17K709AC;1,00;;COBERTURA-LE
E3BZ5810124B;1,00;;LONGARINA-LD
E3BZ5827204E;1,00;;BRACO LIMIT.
E3BZ5842906AA;2,00;;PAINEL
E3B11130AA;1,00;;"CALOTA 14"""
E3B12422AA;1,00;;RESERVATORIO
E3B13063AA;4,00;;BUCHA ISOLADO
E3B12C150AA;2,00;;JOGO DE REPAR
E3B16F012EA;1,00;;SUPORTE ISOLADO 15L16V
E3B17M125AC;3,00;;SUPORTE
E3B53530AE3JA;1,00;;COBERTURA SUP
E3B520899BA;1,00;;MOLDURA-LE
E3B59D653AA;1,00;;RESERV.VAPOR
E3B59F593AD;6,00;;INJETOR COMB.
E3B5A20563AB;2,00;;GUARNICAO-LE
E3B5A20571AB;1,00;;GUARNICAO-LE
E3B5A22600CC3FP;1,00;;MACANETA-LD
E3B5A22601CC3FP;1,00;;MACANETA-LE
E3B5A24344AE;2,00;;ISOLADOR
E3B5A24630AA;1,00;;PORTA TRAS-LD
E3B5A24787AF;1,00;;CAPA PROTECAO
6C359G883AACAR;1,00;;PEDAL
AB3Z6K683P;2,00;;MANGUEIRA     CX.809491/33
E3B5A27472DC35B;1,00;;PAINEL-LD
E3B5A27473AC35B;1,00;;PAINEL-LE
E3B5F31149AF35B;1,00;;PAINEL-LE
E3B5F40308AB;5,00;;REFORCO CENTR
E3B518A886AB;2,00;;HASTE ANTENA
E3B5254A41BA;1,00;;MOLDURA-LE
E3B5254A42BA;1,00;;MOLDURA-LD
E3B5254A43BA;3,00;;MOLDURA-LE
E3B5A237A04DE;1,00;;CAPA PROTECAO
E3B5A237A05CC;1,00;;CAPA PROTECAO
E3B5A264B58BC;1,00;;CABO
E3B5A401A13CF;1,00;;CAPA PROTECAO
E3B5F451A14ADCTR;2,00;;ALOJAMENTO
MB1A8501AA;8,00;;BOMBA D'AGUA
E4BZ58042D94B;1,00;;AIR BAG CORT.
E4BZ58042D95B;1,00;;AIR BAG CORT.
E4B5F42004AF;1,00;;VIDRO TRAS.
E4B5A611D10AC;1,00;;AIR BAG LATER
E4B5A611D11AC;1,00;;AIR BAG LATER
FB3B2527840AA;1,00;;PAINEL LAT-LD
BG3T6214A;16,00;;PARAFUSO BIELA MOTOR CUMMINS ISB 4 E ISB 6 CIL ( BIELA FRATURADA )
E3B5A25605AB;1,00;;GUARNICAO
BG5X9D290AA;1,00;;SENSOR  MAP TEMPERATURA DE PRESSAO ( MOTOR CUMMINS ISB ) ORIGINAL REPOSICAO 
E4B517B861AF;2,00;;ENCHIMENTO    
BM5117K945AE;1,00;;GRADE INFER.
FB3Q6C301GA;3,00;;CORREIA 2.2L 16V APOS 2016/ 
H3BC1015BA;3,00;;RODA DE ACO
E3B5A40010AA;2,00;;TAMPA TRASEIR
TJG/  115441/  /;1,00;;JUNTA INTERNA DO ELEMENTO DO RESFRIADOR DE OLEO MOTOR CUMMINS 6CTAA 8.3 ISC 8.3 
EC352853AB;1,00;;CABO FREIO ESTACIONARIO F350 ANO 2012 A 2019
EC352A809AB;2,00;;CABO FREIO T.L.E FORD F350 ANO 2012 A 2019
EC352A635AB;2,00;;CABO FREIO T.L.D F350 2012/2019 
E3B5B42528AA5SM;3,00;;LOGOTIPO KA
BG2X9451AACAR;6,00;;JUNTA-TUB.ESCAP-TE3129589 
BG1X9J155BA;1,00;;FILTRO DE AGUA 2 PASTILHAS  ( WF2170 )
AM5Z17626A;1,00;;DEFLETOR INF.
C1BB17K945AA5YZ;2,00;;GRADE INFER.
2S6516114AE;1,00;;CAIXA DE RODA
AGSP32C;76,00;;VELAS
E3BG6600DCCAR;1,00;;BOMBA DE OLEO 
8N1517A870BB;1,00;;SUPORTE-LE
8N1517A869BB;1,00;;SUPORTE-LD
BS6513A602AB;1,00;;LANTERNA - LD
8H6Z6038A;2,00;;ISOLADOR
DG9Z8100A;39,00;;TAMPA RESERV. RADIADOR
BH4X9F479BA;2,00;;SENSOR DE PRESSAO COMBUSTIVEL CUMMINS ISB 4.5  ISB 6.7  EURO V ( CONECTOR FINO )
BE8Z8620A;5,00;;CORREIA MOTOR
6C357B118AB;9,00;;GUARDA PO ALAVANCA CAMBO ZF S5-42 S5-420
D3BC18045BDCAR;1,00;;AMORTECEDOR
N500004;2,00;;ANEL ELASTICO
CM5Z9E926D;4,00;;CORPO DE BORBOLETA FORD KA 1.0 12V 
1S7G6K260AA;1,00;;JUNTA TAMPA
9E5Z9F593A;4,00;;INJETOR
BM5Z6K301B;3,00;;RETENTOR
E3BG12405AA;10,00;;VELA IGNICAO 
F4DZ3517C;3,00;;ROLAMENTO 
XS6Z1177A;47,00;;VEDADOR
F4DZ3517B;3,00;;ROLAMENTO 
EC3Z3254A;4,00;;VEDADOR INTERNO DE OLEO DO SEMI EIXO DIANTEIRO EIXO DIANTEIRO F4000 4X4 
CM5Z6B651A;44,00;;CORREIA BOMBA OLEO
XS617A543AD;9,00;;CILINDRO 
2S6516E146DJ;1,00;;PAINEL INF.DT
E3B5254A40BA;1,00;;MOLDURA-LD
E3B5A20562AB;1,00;;GUARNICAO-LD
E3B517A869BB;2,00;;SUPORTE-LD
2S6516098CC;2,00;;LOGOTIPO 1.6
BM5117A882AE;3,00;;SUPORTE
CN1517A882AD;2,00;;SUPORTE-LE
E3B517626AB;2,00;;DEFLETOR
AB397A543AD;4,00;;CILINDRO MEST 
1M517A543AD;2,00;;CILINDRO
98HU68278L01AAZAACAR;1,00;;DEFLETOR GRADE LE PLASTICO FORD CARGO  ( PADRAO ORIGINAL ) 
BK2Q6306AACAR;1,00;;ENGRENAGEM 
5C3A16700CA;2,00;;TRINCO
XS6E9K478AF;25,00;;CONEXAO ENTRA
CN15N400A12EA;1,00;;AMORTECEDOR
BE8Z8125A;3,00;;COXIM SUPERIO
BK2Q6K780BA;4,00;;VEDADOR TAMPA VALVULA FORD TRANSIT MOTOR 2.2 16V 
AS55/   9A299/AA/;1,00;;BOIA RESERVA
KU2J9155AA;6,00;;ELEMENTO-FILTRO
BXO5W30BA;1,00;;OLEO LUBRIFICANTE MOTOR MC 5W30 TBR ( SERVICOS )
CN15N237A04AE;1,00;;CAPA PROTECAO
LU2Z17V528A;1,00;;PALHETA-LD
XC352A793CCCAR;1,00;;CABO-CENTRAL-(107255)-1275MM 
AB399H307EC;1,00;;BOMBA E BOIA 
2S6516115AG;1,00;;CAIXA DE RODA
7S6515K202ABCAR;3,00;;FAROL
HN1Z9424E;1,00;;COLETOR ADMIS 
7S55F17A882ADCAR;1,00;;SUPORTE-LE
8A6Z16828B;4,00;;PRESILHA
6L556038AACAR;2,00;;COXIM.MOTOR.LD.DIESEL.25L/28L/30
6L556B032AACAR;1,00;;COXIM.MOTOR.LE.DIESEL.25L/28L/30L
TJG837240;1,00;;COBERTURA ACABAMENTO BOTAO TRAVA PORTA LD
F81Z7B602AA;9,00;;PINO DE ARTIC 
XS51B10124AA;1,00;;TRAVESSA     
AE8Z17D957AAPTM;1,00;;PARA-CHOQUE
EN1516115AA;3,00;;PROTETOR-LE
BK3Q6C344AC;2,00;;POLIA FERRO LISA BIPARTIDA 
2C352A809CBCAR;1,00;;CABO T.L.E D/T 107244.2002/2012 
DS5517K819CAXWA;1,00;;PARA-CHOQUE
       2C3Z5484AACAR;31,00;;BUCHA BARRA ESTABILIZADORA DIANTEIRA FORD F250 4X4 30MM
7C45E23863AAN2N;1,00;;BOLSA
94FG11667A1A;2,00;;BOTAO 
BE8Z6K254ACAR;7,00;;TENSOR
BC458101AA;2,00;;TAMPA RESERVATORIO RADIADOR FORD CARGO ( COM VALVULA 1,0 BAR )
4C3513405ABCAR;1,00;;LANT.TRAS.L.E.(MARMITA)
J3BZ/    6049/BB/   /   ;1,00;;CABECOTE COMPLETO DO MOTOR 1.0L TIVCT 12V FLEX  ( COM VALVULAS SEM COMANDO DE VALVULAS )
3C3513B220AAJGCAR;1,00;;JG LANTERNA DIANT CRISTAL
GK2Z6700ACAR;7,00;;RETENTOR
XC359A758EBCAR;2,00;;CABO-ACELERADOR-F250-MWM         
2L547B667AACAR;6,00;;RETENTOR CAIXA TRANSFERENCIA
CN15551A46AC5UACAR;1,00;;COBERTURA
       XC352853AC;1,00;;CABO FREIO ESTACIONARIO FORD F4000 ANO 1998 A 2007  ( PARTE DIANTEIRA )
5C3Z3B440QCAR;2,00;;BUVHA AJUSTE MINIMO
DB3917778AAWCAR;1,00;;GRADE
"	BG2X6738AA";1,00;;ANEL VEDACAO BUJAO ROSCADO PISTAO REGULADOR PRESSAO RESFRIADOR OLEO MOTOR 4BT 6BT ISB
HM5Z9A299B;1,00;;BOIA COMBUSTIVEL
D3BC18K001ADCAR;1,00;;AMORTECEDOR
6M5G6700BA;21,00;;VEDADOR DIANT. MOTOR
98WZ7288AA;349,00;;VEDADOR
      6C3513006BACAR;1,00;;FAROL COM SETA LE 
J7BZ13008W;1,00;;FAROL - LE
5S659155AA;1,00;;FILTRO COMB.
8N1517A869AC;1,00;;SUPORTE-LD
HN1Z6505A;6,00;;VALVULA ESCAP
XC3Z8A080AA;1,00;;RESERVATORIO AGUA RADIADOR  FORD F250 F350 F4000 (..05/12/06)
7S55B24473AA5YY;1,00;;MOLDURA-LE
GN1Z7400014A;2,00;;DECALQUE      CX.822136/15
CN1515A298AB5ZC;1,00;;MOLDURA-LD
5S6G8A586AB;6,00;;CONEXAO TERMOSTATO 
H3BJ291C20AACAR;1,00;;MOLDURA
AC45E254W02BACAR;1,00;;DECALQUE CUMMINS AZUL 
HS7Z17K835VFPTM;1,00;;P/CHOQUE TRAS
BE8Z13008B;1,00;;FAROL - LE
BG3T10B300AA;4,00;;TENSIONADOR CORREIA MOTOR CUMMINS 4BTAA 3.96 BTAA 5.9  ( 6CTAA 8.3 AR CONDICIONADO ) POLIA LISA 
BF9T10B300AACAR;1,00;;ESTICADOR CORREIA MOTOR  MWM SPRINT FORD F350 F250  ( POLIA LISA CHAPA  )
BG5T2262AA;1,00;;CILINDRO DO FREIO TRASEIRO LE F4000 2005...  ( DIAMENTRO 1.1/4 )
96MF6A631BA;21,00;;FILTRO SEPARA 
6N15N20939AB53Q;1,00;;FRISO-LE     
2S653L519AA;1,00;;TERMINAL AXIA
G3B5A11218AA;2,00;;PAINEL
AT4Z7811323B;1,00;;PAINEL
4S45F40320AA;1,00;;PAINEL TRASEIRO
7S5513404ACCAR;1,00;;LANTERNA TRAS
DS5517K819CAXWACAR;2,00;;PARACHOQUE
8N1517A869BBCAR;1,00;;SUPORTE DO PARA-CHOQUE DIANTEIRO - LD
BK2Q6306AA;1,00;;ENGRENAGEM 
CYFS12YRT3;4,00;;VELA IGNICAO
CS5513005ACCAR;1,00;;FAROL- LD
8PK2060CAR;1,00;;CORRREIA.C/AR-(4C45AB-2Z0903137B) 
2RP798121CAR;1,00;;REPARO ALAVANCA DO TRAMBULADOR CAMBIO    COMPLETO  COM ROLAMENTOS  ( 2RP798121 )
JN1Z17757AC;2,00;;PARACHOQUE
BJ3A18045HA;2,00;;AMORTECEDOR DIANT. LD/LE
BJ3A18045LA;8,00;;AMORTECEDOR DIANT. LD/LE
BJ3A18045MA;1,00;;AMORTECEDOR DIANT. LD
BJ3T18045DA;6,00;;AMORTECEDOR TRAS. LD/ LE
98FU3752AA;1,00;;TRIANGULO
BF8T4676BCAR;2,00;;RETENTOR
4C4519D621BA;1,00;;CORREIA.S/AR 
E3BZ5411218C;1,00;;PAINEL
6E5Z16612AA;1,00;;CAPUZ
E5HT5A160AA;652,00;;COXIM DO SUPORTE SUPERIOR DA TORRE DA CABINA FORD CARGO 
KIT1000193DP;3,00;;JG DE CALÇO DE CAB   KTCD02  F250/350/4000 08
BK2Q6600CA;1,00;;BOMBA DE OLEO FORD TRANSIT MOTOR 2.2 16V 
D3BB17D742AAXWA;1,00;;COBERTURA-LD
GN1Z16006F;1,00;;PARA-LAMA-LE
AB3917B891AC;1,00;;PROTETOR INF.
81DB5L393ADCAR;1,00;;BUSCHA-TRAVA.CABINE
EB3Z6K775R;1,00;;REFRIGERADOR  CX.817992/02
H3BZ17682AB;1,00;;ESPELHO
BB3Q9K022AG;2,00;;JG.TUBO-RETORNO-22L-16V
HG9Z9A543A;1,00;;BOMBA INJECAO ELETRONICA FORD RANGER NOVA TRANSIT 
BXO10W40AA;72,00;;OC 10W40 LTR
BXO15W40BA;3,00;;OLEO LUBRIFICANTE 15W40 API 4  RECOMENDADO 40.000KM (BALDE 20 LITROS)
E3BZ5843150F;6,00;;FECHADURA TAM
E3B5A24631AA;1,00;;PORTA TRAS-LE  
4C3Z3590DACAR;1,00;;BRACO PITMAM-F250/350-1998/2000-(VISTEON)
W714083S300;2,00;;BATENTE
E3B517A881AD;1,00;;SUPORTE-LD 
GN1Z7429164ABCAR;1,00;;MOLDURA
BF8T8620AA;1,00;;CORREIA POLY V GIR - ALT - BA - DH - ACD 
98KU17A881AACAR;2,00;;SUPORTE
             5261421;1,00;;JUNTA COLETOR ESCAPE MOTOR CUMMINS ISF 2.8 4CIL EURO V
5261421CAR;1,00;;JUNTA DO COLETOR DE ESCAPE
BH3T6M273BA;1,00;;ESPACADOR GUIA DA CORRENTE TRASEIRA DO MOTOR ISF 2.8 EURO V ( 2 FUROS )
BF8T1117B;2,00;;VEDADOR
BH1X9J308AA;3,00;;SENSOR COM CHICOTE  DO COPO FILTRO RACOR FORD CARGO ( PLUG RETANGULAR ) AMARELO 
6C1119E647AD;1,00;;FILTRO SECADO
2S653R700BF;3,00;;RESERVATORIO DE OLEO DA DIRECAO HIDRAULICA
J7BZ17K945E;1,00;;GRADE INFER.
CN1517K835BD5ZC;2,00;;PARA-CHOQUE
77FBB466K45AAYYA;5,00;;RETENTOR
BG5X2875AACAR;1,00;;COMPRESSOR-35DTS-3968694-2005/2006 
BXO5W40AA;65,00;;OC 5W40 LTR 
XS7Q/    8565/AA/;36,00;;JUNTA COLETOR DE ADMISSAO  FORD TRANSIT MOTOR 2.4 16V MOTOR 2.4 16V 
CS5513006ACCAR;1,00;;FAROL-LE
3C359275AC;3,00;;BOIA MEDIDORA TANQUE COMBUSTIVEL  FORD F250 
XC352501670AA;1,00;;ISOLADOR
XC359A758BCCAR;2,00;;CABO-ACEL. 635MM-CBV101298 
3C452143ABCAR;2,00;;HASTE
J7BZ13008TCAR ;1,00;;FAROL
1C353405AB;5,00;;BRACO TENSOR L.D 
J7BZ16005DCAR;1,00;;PARALAMA
GN1Z7440320K;1,00;;PAINEL TRAS.
EB3B13W029NMCAR;1,00;;FAROL
BC458101AA;1,00;;TAMPA RESERVATORIO RADIADOR AGUA 1 BAR
J2MJ3280LA;9,00;;TERMINAL AXIA
C1BB15A222CA5YZ;1,00;;GRADE-LD
EB3Z18124R;2,00;;AMORTECEDOR DIANT. 
BH3AB13208AA;1,00;;SOLEIRA      
BJ0Z17626B;1,00;;EXTENSAO - LE
2C3518A886AA;110,00;;ANTENA RADIO 
        F5TZ6068ACAR;1,00;;COXIM TRASEIRO DO MOTOR RANGER ANO 1994 A 2012 
D2BZ17906BCCAR;1,00;;PARA-CHOQUE
XS6E6200A1D;4,00;;BIELA DO MOTO
C1BZ8286N;1,00;;MANGUEIRA
2S6R7107AA;7,00;;ANEL SINCR. 1A/2A
BH9A17757CACAR;1,00;;PARACHOQUE
AB3921000A72BA;1,00;;EMBLEMA LIMIT
CC455J239ADCCAR;2,00;;TAMPA RESERVATORIO
1C4517B988AAYYCCAR;8,00;;RETENTOR
D3BZ3504DCAR;1,00;;CAIXA
2S55B42410ACCAR;1,00;;GUARNIÇÃO
EB3B13W030NMCAR;3,00;;FAROL
E3B1/   6F012/AE/;1,00;;SUPORTE ISOLADOR
2C353B406BA;1,00;;TERMINAL DE DIREÇÃO DIANTEIRO FORD F250 
JB3Z1104B;1,00;;CUBO
F81B25517A72AK5ZU;1,00;;MOLDURA
1S7Z6A321B;1,00;;RETENTOR-FLANGE-TRAS.
E3B57E395AD;1,00;;CABOS ALAVANC
BB3Q6C653AA;5,00;;JUNTA DE VEDACAO DO COLETOR DE ADMISSAO FORD TRANSIT 2.2 16V 
BK2Q6714AA;2,00;;FILTRO OLEO BLINDADO FORD TRANSIT MOTOR 2.2 L 16V 
98KU17A882AACAR;2,00;;SUPORTE
3C456802737ABN2K;1,00;;RETENTOR
BXO20W50AA;48,00;;MC 20W50 LTR 
BXO5W30AA;1,00;;OLEO 5W30 MOTORCRAFT 5W30 API SL ( SINTETICO )
2S655K952ALCAR;1,00;;EIXO TRASEIRO
YS6513005AACAR;1,00;;FAROL-LD
3C452143BC;1,00;;HASTE DE ACIO
F81A3020DB;2,00;;BATENTE
F6ZZ7600A;10,00;;ROLAMENTO GUIA EIXO PILOTO DA EMBREAGEM
2C352A809ACCAR;1,00;;CABO T.L.E D/T107247.2002/2012 
2C352A635ADCAR;2,00;;CABO T.L.D D/T 107246.2002/2012  
81DB5B122BB;3,00;;MOLA   
BG2T2194AA;112,00;;JG PISTAO DA PINCA FREIO DIANTEIRA  F250 F350 F4000 ( 2 PISTAO )
CN1517005ACCAR;1,00;;ALOJAMENTO
J7BZ17C897AA;3,00;;REFORCO
6C1116801AC;2,00;;DOBRADICA
BJ0A17626BA;2,00;;EXTENSAO - LE
6C1117G750AA;1,00;;SUPORTE
BF8T2261BCAR;1,00;;CILINDRO FREIO RODA TRASEIRA LD FORD F250 F350 ANO 1998 A 2012 
YS6513006AACAR;1,00;;FAROL LD
4C1Q/   8K525/AB/;2,00;;JUNTA-COLETOR 
AB399601AD;167,00;;FILTRO-AR-MOTOR-2.2/2.5/3.2L
C7TZ3B177ACAR;4,00;;BUCHA
F1EB17906CBXWACAR;1,00;;PARA-CHOQUE
BK2Q6714BA;4,00;;FILTRO OLEO  LUBRIFICANTE FORD TRANSIT MOTOR PUMA 2.2 CR TC DIESEL
C7TZ3B203ACAR;4,00;;BUCHA
EC459275ABCAR;2,00;;BOIA-TQ-150LTS-TSAT-070035
N/  017732/2 /;2,00;;LAMPADA 1141 24V 21W ( 1 POLO PINO ENCONTRADO )
GN1Z6038J;2,00;;SUPORTE-LD
1S6513335BB;4,00;;CHAVE DE SETA
CN1Z7048A;4,00;;VEDADOR
1C4516491BB;1,00;;TAPETE ESTRIBO CARGO PEQUENO LD
CN1Z/ 7447076/B /;1,00;;SUPORTE RODA
BE5Z5420125A;2,00;;PORTA DIANTEIRA LE  FORD FUSION 
1S5513005SAACAR;1,00;;FAROL
APRB111A31A;3,00;;JG.ISOLADORES B
D3BB3051BACAR;1,00;;BANDEJA
NFU801092LFCAR;4,00;;PRESILHA   
4M51A43280BB;1,00;;PANEL TRAS.
CN15N20531AG;1,00;;GUARNICAO-LE
J7BZ16006BCAR;5,00;;PARA-LAMA
8M51A40410ADCAR;1,00;;TAMPA
1M358200AACAR;5,00;;GRADE
BS6513006BFCAR;2,00;;FAROL
C1BZ18472X;1,00;;MANGUEIRA
XC455C250BACAR;4,00;;JUNTA TUBO/FREIO MOTOR 
F3AZ6766B;1,00;;TAMPA BOCAL OLEO
BT4Z17810BPTMCAR;1,00;;P/ CHOQUE
AE8Z17E810AACAR;1,00;;GRADE
JB3Z4B410A;5,00;;ARVORE
BXO5W20CA;12,00;;OLEO MOTOR MC SP 5W20 LT 
8A61B42907AG35BCAR;2,00;;PAINEL
2C1Q9448AB;2,00;;UNTA COLETOR ESCAPAMENTO FORD TRANSIT MOTOR 2.4 16V MOTOR 2.2 16V  
H1BZ7210BF;1,00;;ALAVANCA
6S659A819AA;2,00;;RESISTOR
J2MJ3B102BA;2,00;;JUNTA ESFERIC
MB6A9601AA;3,00;;ELEMENTO AR
CN1Z13405LCAR;1,00;;LANTERNA
E3B11130BA;3,00;;"CALOTA 14"""
BH7T4676AA;2,00;;VEDADOR
CS55B219A64BB3ZJCAR;1,00;;MECANISMO
E5HT7A543BA;1,00;;CILINDRO MESTRE DE EMBREAGEM FORD CARGO 
HM551007AB;1,00;;RODA DE LIGA
J7BZ18198B;1,00;;BATENTE AMORT
J7BZ2C190B;1,00;;SENSOR ABS
3C3Z3254CA ;2,00;;RETENTOR DO VACUO RODA LIVRE SEMI EIXO DIANTEIRO F4000 4X4 
BH9A17K835DA;3,00;;PARA-CHOQUE
9C1617D957AAM5ACAR;1,00;;PARACHOQUE
7T4Z17C973A;1,00;;SUPORTE MONTA
6C1Q9358AB;2,00;;VALVULA REGULADORA PRESSAO COMBUSTIVEL FORD TRANSIT 
BH3T10B300AACAR;1,00;;TENSOR-CORREIA-POLI-V-ISF
T71607331;2,00;;HIDROVACO DO FREIO FORD F1000 F4000 CONJUNTO ISOVAC 270MM ( ORIGINAL REPOSICAO )
6C113063AACAR;2,00;;BUCHA BANDEJA 
6C163069AAFCAR;2,00;;BUCHA DIANTEIRA BANDEJA D 
2RR598313A;4,00;;ROLAMENTO EIXO SAIDA DIFERENCIAIS MD145 MD14X MD150 MD168 ( LM104949/104910 )
AE8Z17683DCAR;1,00;;ESPELHO
AB396K683AFCAR;3,00;;MANGUEIRA 
BL5513005BACAR;2,00;;FAROL
XC3513005ABCAR;2,00;;FAROL L.D-1998/2005-F250/F350
CN153B436BDCAR;1,00;;SEMI EIXO
GN158B412ABCAR;2,00;;DEFLETOR
BH2X/   6A582/AA/;1,00;;ISOLADOR RUIDO TAMPA VALVULAS MOTOR CUMMINS ISB ( 5271613 )
TJG721629CAR;1,00;;HASTE
BC45/   17683/BC/   ;1,00;;ESPELHO RETROVISOR FORD CARGO LE BIPARTIDO ELETRICO CONVEXO ( CONJUNTO COMPLETO )
AB313069AB;3,00;;BUCHA INF.DIANT.
AB313068BB;6,00;;BUCHA
F81Z5484MACAR;2,00;;BUCHA
5L552A635ABCAR;1,00;;CABO FREIO
7S7G6051CB;6,00;;JUNTA CABECOT
98AU13W030AACAR;1,00;;FAROL
98AU13W029AACAR;1,00;;FAROL
1S5513006SAACAR;1,00;;FAROL
7PK2840CAR;1,00;;CORREIA.2.4L.C/AR-6C1Q6C301HC 
957Z7288A;11,00;;VEDADOR
86HUE045B16AACAR;1,00;;ALCA APOIO CABINA CARGO LD ( PQP CINZA ) 
C1BB17K945AA5YZCAR;1,00;;GRADE
GN1Z7440010V;3,00;;TAMPA TRASEIR  
J7BZ5820124C;2,00;;PORTA-LD
5S65A40400AB;1,00;;TAMPA TRASEIR
BG1T9155AA;3,00;;FILTRO DE COMBUSTIVEL ( PRE FILTRO DE COMBUSTIVEL )    FF5462
AE8Z5840320ACAR;11,00;;PAINEL
2S65A24631AE;1,00;;PORTA TRAS-LE
8M51A20124AE;1,00;;PORTA-LD
7S5516006AACTR;1,00;;PARA-LAMA-LE
J7BZ16005D;4,00;;PARA-LAMA-LD
EU5T14A003CB;1,00;;COBERTURA INF
F37Z17B807EACAR;1,00;;ALMOFADA
E3B517A869BBCAR;6,00;;SUPORTE P/CHOQUE LD
BB5Z7822800C;2,00;;DOBRADICA-LD 
FS13K186AD;1,00;;ARTICULACAO
BG2T6600BA;1,00;;BOMBA OLEO MOTOR MWM X10 4CIL/6CIL
FOZZ1S190A;8,00;;RETENTOR 5870 FOZZ/1S190/A
CN15A25713ADCAR;1,00;;VIDRO
CM5Z6K254ACAR;1,00;;POLIA TENSORA
3C453C140AACAR;2,00;;BIELETA
97FGP430B44AA;6,00;;INSERTO
6C356038BC;2,00;;COXIM DIANTEIRO DO MOTOR  LD
CN15402A16AA;6,00;;EMBLEMA FORD
85HU9C673ACAR;1,00;;VALVULA
BH1X9C673BACAR;1,00;;VALVULA DESCARTE POEIRA
JB3Z/   3C377/B /;2,00;;BUCHA
BH0X2910CA;2,00;;TUBO ENTRADA AGUA COMPRESSOR 10MM MOTOR ISB 5.9 6 CIL EURO III
BK3Z9F598A;1,00;;JUNTA.TAMPA.DISTRIB.
6337CAR;2,00;;KIT MANCAL KA 1.0
BH8X7048AA;1,00;;DEFLETOR DE OLEO EIXO PILOTO CAMBIO EATON FS4505 ESO6106A 
5C7Z2005B;1,00;;HIDROVACUO DO FREIO F250 F350 F4000
HN1Z6507A;12,00;;VALVULA ADMIS
       BG9X7048AA;1,00;;RETENTOR DIANTEIRO CAMBIO ZF S5420  EATON FSO2305 / FSO2405 / FSO4304 / FSO4405 / FSO4505 / ESB6106 
E3B17A543AA;6,00;;CILINDRO MESTRE DA EMBREAGEM
3S7Z6700B;3,00;;RETENTOR DIANTEIRO FORD TRANSIT MOTOR 2.4 16V MOTOR 2.2 16V 
BG3T6K582AA;3,00;;JOGO ISOLADOR COM ARRUELA
CC455J250CE;1,00;;RESERVATORIO
8A61A22404BFXWA;2,00;;MACANETA
CN15A044H30AACAR;1,00;;AIRBAG
"	BH3T6N639BA";1,00;;MANGUEIRA FLEXIVEL FILTRO OLEO LUBRIFICANTE MOTOR ISF 2.8 4CIL EURO V
E3BZ5822600AACAR;1,00;;MAÇANETA
BG5X9C520CA;1,00;;TUBO SUPRIMENTO COMBUSTIVEL MOTOR CUMMINS ISB 5.9 6CIL EURO 3
BH1X90290AA;2,00;;INTERRUPTOR PRESSAO OLEO MOTOR CUMMINS ISF ISB ISL
BG9X6C315AA;1,00;;SENSOR HALL ROTACAO PONTO MOTOR CUMMINS ELETRONICO ( ENCAIXE CHICOTE CURVO )
BK2Z2200D;1,00;;JG.PAST.TRAS.TRANSIT.AP2022
AB396C301CB;5,00;;CORREIA C/ AR 3.2L 20V ATE 2016 
BH1X6415AA;1,00;;TUBO RETORNO DO TURBO MOTOR CUMMINS   ISB 6 CIL
E3B5A40320AFCTR;2,00;;PAINEL INFERI
XC352853BC;1,00;;CABO FREIO ESTACIONAMENTO (MAO PE) F250/F350 (ANO 1998..)   ( PARTE DIANTEIRA/PEDAL ) 1400MM
      EC352A635BBCAR;2,00;;CABO FREIO TRAS L.D F4000 ANO 2008/2019  
      EC352A809BBCAR;3,00;;CABO FREIO TRAS.L.E F4000 2008/2019
E7TZ1S190B;6,00;;RETENTOR RODA DIANTEIRA  FORD F250 F350 ( 4X2 )
BF8T4676B;1,00;;VEDADOR
F81Z2K004CD;106,00;;PROTETOR
F81Z2K005CD;99,00;;PROTETOR
F1EB17906ABXWACAR;1,00;;PCH
7S5517K819CBXWACAR;4,00;;PCH
8M5117K741AACAR;1,00;;VIDRO
J7BZ17F816ACAR;2,00;;MOLDURA
BF6X6838ACAR;1,00;;JT.FECHADA-4B/6B-TRA115441
       F81Z5484GACAR;5,00;;BUCHA 
BH8X9450CA;12,00;;JUNTA COLETOR ESCAPE MOTOR CUMMINS ISB 3.9 4CIL ISB 5.9  6CIL  ( 4 LAMINAS ACO )
CN1Q6D314AA;2,00;;CORREIA MOTOR
BS65F17A881ACCAR;1,00;;SUPORTE
7S6517K819DAXWACAR;3,00;;PARACHOQUE
E3B5A223A07BCCAR;1,00;;EXTENSAO
JB3Z7A543B;1,00;;CILINDRO MEST
BH2X9155AA;4,00;;FILTRO COMBUSTIVEL FORD NOVO CARGO 2042 2842 
CP9Z17754A;1,00;;SUPORTE
9L5Z3280ACAR;1,00;;BARRA AXIAL DIRECAO
2C459W030AACAR;1,00;;TAMPA TANQUE COM SISTEMA ROSCA INTERNA ( COM CHAVE )
BH9A17757FA;4,00;;PARA-CHOQUE 
7S55F17A881ADCAR;1,00;;SUPORTE
AE8Z/  17D942/CA/   ;1,00;;SUPORTE LADO DIREITO 
BF8T2K035A;1,00;;JG. MOLA SAPATA FREIO TRASEIRA  FORD F250 F350
6S6511572AA;1,00;;TRAVA DIRECAO COLUNA SEM CHAVES
2S6513N408ACCAR;1,00;;LANTERNA
CN1517626AB5JACAR;2,00;;DEFLETOR
HS7Z15201BCAR;2,00;;FAROL
HS7Z15200BCAR;1,00;;FAROL
BF9T6305AACAR;1,00;;ROLAMENTO
GN1Z8501E;1,00;;BOMBA AGUA FORD ECOSPORT 1.5 DRAGON 
EB3Z9365B;2,00;;ELEMENTO FILT
AE8Z17E856ACAR;1,00;;REFORÇO
1C455484AC;2,00;;BUCHA BARRA ESTABILIZADORA SUSPENSAO DIANTEIRA FORD CARGO 712 814 814S 815MU 915 915MU
2S653A696EC;1,00;;BOMBA+POLIA
N1WZ13008DX;1,00;;ASY DO FAROL
BC457022050DACAR;1,00;;JG CILINDRO 
E3B5B42528AA5SMCAR;2,00;;LOGOTIPO
XC3517682EBYGACAR;1,00;;ESPELHO LD 
BG9X9601AA ;1,00;;ELEMENTO FILTRO AR EXTERNO  ( AF27978 ) ORIGINAL REPOSICAO 
AB313068BBCAR;4,00;;BUCHA 
BC4513A350BA;2,00;;INTERRUPTOR PISCA ALERTA 24V
BG5X6584AA;1,00;;JUNTA CARCACA BALANCIM MOTOR ISB 3.9 EURO III ISB 4.5 EURO V 
BF6T6A716A;1,00;;MOLA CABECOTE FILTRO LUBRIFICANTE MOTOR CUMMINS 4BT 6BT ISB
BF8T9278AA;1,00;;SENSOR PRESSAO OLEO MOTOR CUMMINS 
EJ7Z/    6730/B /;1,00;;BUJAO DE DRENAGEM
BF9T8501BA;1,00;;BOMBA D AGUA MOTOR MWM SPRINT 4.07 6.07  ( ENGRENAGEM 15 GRAUS )
EC352210AA;26,00;;FREIO TRASEIRO COMPLETO  LE   FORD F350 ANO 21/07/14 A 30/09/19
EC352209AA;26,00;;CONJUNTO DE FREIO TRASEIRO COMPLETO  LD   FORD F250 F350 ANO 21/07/14 A 30/09/19
EC356C646AD;4,00;;MANGUEIR INTERCOOLER FORD F250 F350 F4000 ANO 2014... MOTOR CUMMINS ISF 2.8 
NZ6Z/   16700/A /;1,00;;FECHADURA DO CAPUZ DO MOTOR
TEG141165CAR;1,00;;ROLAM EMBR
7C3Z2005AA;4,00;;HIDROVACUO DE FREIO  FORD F350 F4000 ANO 2014...
YC1R7600AA;1,00;;ROLAMENTO VOLANTE MOTOR FORD TRANSIT ANO 2008 A 2013
W714484S300CAR;2,00;;BUCHA EIXO CAVALETE TRASEIRO CABINE
BF8T1217FA;2,00;;ROLAMENTO EXTERNO CUBO TRASEIRO  ( JLM506849/JLM506810 )
2C352A809CB;1,00;;CABO FREIO TRASEIRO LE
6C359600AA;1,00;;CONJUNTO FILTRO DE AR F250 ANO 2006 A 20012  (SEM ELEMENTO )
BG1T7240AA;1,00;;EIXO GARFO SELETOR CAIXA CAMBIO ZF S5420 S5-420
96FB8K218AG;1,00;;RESERVATORIO RADIADOR FORD FIESTA ANO 1997 ...  ( SEM TAMPA )
BG6X12600BA;3,00;;COXIM AMORTECEDOR VIBRACAO UNIDADE COMANDO ( MODULO )
BC4Z6754E;1,00;;TUBO GUIA INDICADOR DO NIVEL DE OLEO LUBRIFICANTE DO MOTOR 1802MM ( SEM VARETA )
86HU13368AACAR;1,00;;LANTERNA
BF8T6059A;2,00;;TAMPA TRASEIRA DA CARCACA DO VOLANTE MOTOR CUMMINS 4BTAA 3.9  6BTAA 5.9 6 CIL
TJG127699;1,00;;TUBO VENTILACAO BLOCO MOTOR CUMMINS 6CTAA 8.3 6CIL
802740CAR;3,00;;ROL RODA TRAS INT
BH2X6A582AA;4,00;;ISOLADOR RUIDO TAMPA VALVULAS MOTOR CUMMINS ISB
5259168;1,00;;TUBO SAIDA AGUA DO COMPRESSOR
BF5X9350B;2,00;;BOMBA TRANSFERENCIA COMBUSTIVEL MOTOR CUMMINS 4BT 3.9 MOTOR  6BTAA 5.9 (  ROTATIVA )
LC4Z5404338AA;1,00;;MOLDURA CENTRAL PAINEL INSTRUMENTOS CARGO 816 1119 
XS7Q8575AA;2,00;;VALVULA TERMOSTATICA FORD TRANSIT
4F9Z15200AA;1,00;;FAROL AUXILIAR DE NEBLINA FORD TRANSIT ANO 2010 / 2011 / 2012 / 2013 
6L558A616AACAR;1,00;;EMBREAGEM
2RK127699;1,00;;TUBO DE VENTILACAO
EC358B274AA;2,00;;MANGUEIRA SUPERIOR DO RADIADOR
BB3Q6D309ABA;4,00;;"BRONZINA BIELA FORD TRANSIT MOTOR 2.2 16V ( 0,25MM )	 "
6C117A543AD;2,00;;CILINDRO MESTRE DE EMBREAGEM TRANSIT 2.4L 16V
EC358C351AA;2,00;;MANGUEIRA
BK315C486AC;2,00;;HASTE
DS7Z/   17528/AA/;1,00;;PALHETA
BC451175AA;2,00;;RETENTOR CUBO RODA TRASEIRA 3/4  FORD F4000 CARGO 814 815 ( DIFERENCIAL DANA )
DS7Z/   17528/BA/;1,00;;PALHETA DO LI
2C1Q9448AB;2,00;;JUNTA DO COLETOR DE ESCAPAMENTO TRANSIT MOTOR 2.2 16V  MOTOR 2.4L 16V
N1WZ/    8310/D /;1,00;;DEFLETOR DE A CX.828229/96
E3B17M121CA;5,00;;COXIM DO MOTOR LHS
23B103775A;1,00;;EIXO INTERMEDIARIO CARCACA ENGRENAGEM TRASEIRA MOTOR CUMMINS ISF 2.8 4CIL EURO 5
BH3T6M273AA;2,00;;GUIA MOLA CORRENTE COMANDO VALVULAS MOTOR  CUMMINS ISF 2.8 4CIL EURO V
XS7Z/   7M000/AC/;4,00;;CONE
6C358W005AA;1,00;;MANGUEIRA
EC353A674AA;2,00;;BOMBA DIRECAO HIDRAULICA 
BH3T6A250AA;1,00;;ANEL DO INDICADOR DE VELOCIDADE
CC117A564BB;1,00;;ATUADOR DE EMBREAGEM TRANSIT  2.2L 16V
BH3T6731AA;1,00;;ENGRENAGEM INTERMEDIARIA MOTOR ISF 2.8 4CIL EURO V
CN1Z9E926C;3,00;;CORPO TUBO AR
81ABB23342BA;8,00;;MANIVELA LEVANTAMENTO VIDRO
BH6X7370AA;2,00;;REPARO MANCAL ARTICULACAO ALAVANCA CAMBIO
BK2Q6600CACAR;1,00;;BOMBA DE OLEO 2.2
NZ6Z/   17757/SA/PTM;1,00;;MOLDURA SUPER CX.831419/40
EC359275AB;2,00;;BOIA TANQUE COMBUSTIVEL FORD 350 ANO 2014...
97JZ6730A               ;4,00;;BUJAO CARTER MOTOR FORD TRANSIT
BK2Q6K261AA;3,00;;TENSIONADOR DA CORRENTE DE DISTRIBUICAO DO EIXO COMANDO 
F67Z3069AACAR;4,00;;BUCHA
F57Z3069CACAR;2,00;;BUCHA
3W1Z1225AACAR;1,00;;ROLAMENTO
2R0129589D;10,00;;JUNTA DO COLETOR ESCAPAMENTO MOTOR CUMMINS ISF 3.8 EURO V
BH3T6731CA;1,00;;RODA DENTADA DE ACIONAMENTO  ( COROA ACIONAMENTO ENGRENAGEM INTERMEDIARIA MOTOR ISF 2.8 4CIL EURO V 
BF8T6214A;3,00;;PARAFUSO DA CAPA DA BIELA
7L5517C617DA;1,00;;TANQUE DE EXPANSAO COMPLETO UM RETORNO 
31232CAR;1,00;;TRV VOLANTE CARGO
SK252S;2,00;;KIT BATENTE DO AMORTECEDOR SUSPENSAO TRASEIRA FORD FIESTA KA
BE8Z8501B;1,00;;BOMBA DAGUA
E3859F593AD;5,00;;BICO INJETOR
LF3668;27,00;;FILTRO DE OLEO BLINDADO
GK2Z/   6K254/F /;1,00;;TENSIONADOR   CX.831458/99
YS713B438AA;2,00;;BIELETA DIANTEIRA METAL
1C356C640AA;1,00;;MANGUEIRA INTERCOOLER ( 65X85X150MM 3 ANEIS )
6G913C083AA;1,00;;ROLAMENTO SEMI EIXO 
BG5X6N713AA;1,00;;EMBOLO REGULADOR PRESSAO MOTOR CUMMINS ISB 3.9 4CIL EURO III  ISB 5.9  6CIL EUR III   ISB 4.5 6.7
96FG14529ADCAR;1,00;;INTERRUPTOR
B1BZ1104DCAR;1,00;;CUBO DA RODA
BG8X17K706CA;1,00;;ESPELHO RETROVISOR FORD CARGO ANO ...2011  (  BI-PARTIDO MANUAL CONVEXO ) LADO ESQ. DIR.  
BG9X9601CA;4,00;;FILTRO DE AR EXTERNO FORD / VW / MB ( COM TELA PADRAO ORIGINAL  ) 
9E5Z9F593A;7,00;;BICO INJETOR
BH4A6065AA;5,00;;JOGO PARAFUSO CABECOTE 
BH4A6065AA;2,00;;JOGO PARAFUSO CABECOTE
35043;1,00;;KIT CORRENTE COMANDO COMPLETO 
CM5Z9E926A;1,00;;ENGRENAGEM CORPO BORBOLETA TBI
GN159F593AA;3,00;;BICO INJETOR
BH3T6563BA;4,00;;EIXO ALAVANCA DOS BALANCEIROS ISF 2.8L
C1BC3K100AB;2,00;;KIT AMORTECEDOR COMPLETO DIANTEIRO COM ROLAMENTO
AB3Z/   19835/M /;1,00;;TUBO SAIDA
2VT199381CAR;2,00;;COXIM TRAS SUSP VW  R640  - REI
CM5T15520CA;2,00;;INTERRUPTOR DE LUZ DE RE FORD TRANSIT ANO 2008...
3S7Q6A895AA;1,00;;KIT CORRENTE COMANDO FORD TRANSIT 2.4 16V TURBO  ( COMPLETO )
7S453R700AA;1,00;;RESERVATORIO BOMBA HIDRAULICA
CM5Z8548C;4,00;;FLANGE REFRIGERACAO
BF6T6584AA;7,00;;JUNTA TAMPA VALVULA CABECOTE MOTOR 4BT 3.9 4 CIL. 6BT 5.9 6CIL.
X56E6C501AC;8,00;;TUCHO VALVULA
NZ6Z/    8200/AB/PTM;1,00;;GRADE DO RADI CX.831419/41
BG2X4217AA;16,00;;PARAFUSO TAMPA CAIXA SATELITE DIFERENCIAL MERITOR  RD145 RS145 MD145 MD23145 ( M12 X 1,75 X 90 )
BH6X7370AA;1,00;;REPARO ALAVANCA CAMBIO ( ESFERICO )
MB3Z/    5415/A /;6,00;;ISOLADOR
BF5X17K706A;2,00;;ESPELHO RETROVISOR MEDIO  320X190MM
81AB3K653A;1,00;;KIT BUCHA CAIXA DE DIREÇAO
CM5Z18599A;2,00;;CONEXAO BOMBA D GUA 
280158231;4,00;;BICO INJETOR
8M515E494AB;2,00;;BIELETA SUSPERIOR TRASEIRA
1C357515AA;1,00;;GARFO EMBREAGEM FORD F250 F350 F4000 ( COM BIRRO )
XC3Z6068BA;1,00;;COXIM TRASEIRO CAMBIO
F81Z3T695AA;6,00;;BUCHA GUIA SEMI EIXO DIANTEIRO
E3BZ5827886C;1,00;;PAINEL CX.ROD
XC352783AA;2,00;;CABO FREIO DE MAO LIBERACAO ALAVANCA DE FREIO DIESEL F250 F350 F4000 ANO 1998.. ( 280MM )
BH5T8501AA;2,00;;BOMBA AGUA MOTOR CUMMINS ISF 2.8 4CIL ( EURO V )
E3B517A881ADCAR;6,00;;SUPORTE  .
AS65/   9F593/AA/;2,00;;SENSOR
XC457K626AA;1,00;;SERVO EMBREAGEM FORD CARGO VW  MERCEDES 
BXOATFCA;2,00;;OLEO LUBRIFICANTE  ATF SINTETICO MERCON  LV LTR TRANSMISSAO AUTOMATICAS ( VERMELHO 946ML )
XS6E8255BC;5,00;;JUNTA CARCA VALVULA TERMOSTATICA 
YC1R7600AA;1,00;;ROLAMENTO DO VOLANTE DO MOTOR
1C356038DA;1,00;;COXIM-L.D-F250-MWM
1C356B032D;4,00;;COXIM CAMBIO ESQUERDO FORD F250 4.2 18V TURBO MWM 6.07TCA  ANO 1999 A 2006 
E3B5A40252ADCTR;1,00;;DEFLETOR - LD
BH7X9B324AA;1,00;;TUBO SUPRIMENTO COMBUSTIVEL MOTOR ISB 6.7 6CIL EURO V ( ORIGINAL REPOSICAO )
BJ3A6714AA;31,00;;FILTRO BLINDADO DE OLEO LUBRIFICANTE MOTOR  
7S7Z9E926A;1,00;;CORPO BORBOLETA TUBO AR ( FORD SIGMA 16V )
EB3Z/    9155/F /;1,00;;FILTRO        CX.831353/50
2RD955451;5,00;;RESERVATORIO DE AGUA
5C3Z16916AACAR;2,00;;CABO
DC4618C266AA;1,00;;MANGUEIRA
5C1Q6571AC;16,00;;VEDADOR DE VALVULAS FORD TRANSIT MOTOR 2.2 16V MOTOR 2.4 16V 
6C458A084AB;2,00;;RESERVATORIO AGUA RADIADOR ( ROSCA PLASTICA ) SEM SENSORES E SEM TAMPA
BH1X9325CA;2,00;;TUBO DRENO DE COMBUSTIVEL
BF8T6672A;1,00;;BUJAO 
2TA525199;2,00;;ROLAMENTO LATERAL COROA DIFERENCIAL DANA 284 411 (387A / 382A )
XS6F12A648BA;23,00;;SENSOR - ECT 
EB3Z13008JL;1,00;;FAROL - LE    CX.820573/86
FB3Z6A228B;2,00;;POLIA         CX.823132/29
GN1G6A258AA;6,00;;CAPA DO MANCAL DO COMANDO DE VALVULAS ( SEMI ACABADA )
6C1Q6C301GC;1,00;;CORREIA MOTOR FORD TRANSIT 2.4 16V ( SEM AR CONDICIONADO )
3S7Q6385AB;23,00;;RETENTOR TRASEIRO MOTOR FORD TRANSIT 2.2L 2.4L 16V ( COM FLANGE )
6C3Z25219A64BE;1,00;;FECHADURA PORTA LD FORD F250 F350 F4000
6C1Q6K780AB;2,00;;VEDADOR DO BICO DA TAMPA DE VALVULA TRANSIT 2.4L 16V
6C3Z25219A65BF;1,00;;FECHADURA PORTA LE FORD F250 F350 F4000 
2S6517K741AACAR;1,00;;COBERTURA
F5DZ8501A;1,00;;BOMBA DAGUA
 NS1/   29066/  / BB/   ;2,00;;MOLDURA DO PARABRISA
2SK199381;2,00;;COXIM TRASEIRO MOTOR CARGO 814 815 914  F4000 ( ANO 00.. ) MOTOR CUMMINS 4BTAA 3.9 ( COM PINO ) 
NZ6Z/    8200/CA/;1,00;;GRADE DO RADI CX.831982/70
NZ6Z/    8312/B /;1,00;;DEFLECTOR-AIR CX.831982/71
TJG837502CAR;1,00;;MAQUINA VIDRO 
BF8T2218A;2,00;;SAPATA FREIO ESTACIONARIO FORD F4000  ( COM LONA SUP. INF. )
NJ5Z/    6312/A /;1,00;;POLIA AMORTEC CX.829452/99
DS7Z5421453F;1,00;;GUARNICAO
4C3Z3219AACAR;1,00;;SEMI-EIXO-INTERNO-LD
BG1X2K884CA;1,00;;MANGUEIRA DE ENTRADA DE AGUA DO COMPRESSOR
 NS1/   13005/BB/   /   ;1,00;;FAROL DIANTEI CX.832140/99
5C459C799AB;1,00;;CABO DE ACELERADOR FORD CARGO 814 815 815S 915 ( 1337MM )
                3896;1,00;;COXIM TRASEIRO DO MOTOR
1C356C646AA;1,00;;MANGUEIRA AR LONGA INTERCOOLER F350 F4000 MOTORCUMMINS BT
BH3T10B300AA;2,00;;ESTICADOR CORREIA MOTOR CUMMINS ISF 2.8 4CIL EURO V 
BH1X9W155BA;1,00;;CABECOTE FILTRO DIESEL/RACOR SEPARADOR DAGUA  ( PF420 ROSCA 1-12 ) COM CONEXOES
BK2Z5781B;2,00;;BUCHA DA ALGEMA DO FEIXE DE MOLAS TRASEIRO
XC352A635CF;1,00;;CABO FREIO TRASEIRO LD
BK3Z6110176AG;1,00;;MOLDURA LATER
BH3T6K254AA;1,00;;TENSIONADOR CORRENTE DISTRIBUICAO MOTOR CUMMINS ISF 2.8 4CIL EURO V
BH6X7370AA;1,00;;KIT REPARO BUCHA DA ALAVANCA DE CAMBIO
NZ6Z/   13405/F /;1,00;;LANTERNA TRAS
6C458A084BC;1,00;;TANQUE DE EXPANSAO DOIS RETORNOS
EB3Z/ 2527846/J /;1,00;;PAINEL-LD
BF8T4A063BCAR;2,00;;JG PORCA 
JB3Z5781B;2,00;;BUCHA
H2MJ19544EA;26,00;;AD. DIL. FORD MOTORCRAFT ORG. H2MJ/19544/EA 1L
GN1Z/    8419/AE/;1,00;;MOLDURA DA GR CX.827009/62
XC459275BA;1,00;;BOIA DO TANQUE DE COMBUSTIVEL DE 275L 
GN1Z8501E;2,00;;BOMBA AGUA FORD ECOSPORT 1.5 DRAGON 
CM5Z8501H;1,00;;BOMBA D'AGUA
BG5X6675AA;1,00;;CARTER DE OLEO MOTOR CUMMINS ISB 3.9 EURO III ISB 4.5 EURO V
BH3T6389BA;1,00;;RETENTOR ENGRENAGEM INTERMEDIARIA MOTOR CUMMINS ISF
GN1G8501BA;3,00;;BOMBA  AGUA FORD ECOSPORT 1.5 3CIL 
21438854;2,00;;FILTRO COMBUSTIVEL BLINDADO ( MOTOR MWM X12 6CIL )  ROSCA 1-14 UNS 2B
XS7Q6065C2C ;1,00;;JG PARAFUSO CABECOTE FORD TRANSIT MOTOR 2.4 16V  ( M8 X 120MM )
JX6Z/  19N619/A /;3,00;;FILTRO POLEN  CX.829670/29
AM5Z16796CCAR;1,00;;DOBRADICA-LE
NS116163AB;1,00;;PROTETOR INTERNO DA CAIXA DA RODA DIANTEIRA- LE
96FW16N619AB;1,00;;FILTRO AR CONDICIONADO NOVO CARGO 
NZ6Z8327A;1,00;;DEFLETOR DE AR DIANTEIRO
NS117767AB;1,00;;REFORCO DO PARA-CHOQUE DIANTEIRO
NS116162AB;1,00;;PROTETOR INTERNO DA CAIXA DA RODA DIANTEIRA- LD
EC351109BA;12,00;;CUBO RODA TRASEIRO FORD F350 ( COM FREIOS ABS )
NZ6Z8182A;1,00;;SUPORTE DEFLETOR DO RADIADOR LD
NZ6Z8182B;1,00;;SUPORTE DEFLETOR DO RADIADOR LE
           2SB721405;1,00;;CILINDRO MESTRE EMBREAGEM FORD F1000 F4000 
BG5T2001AA;1,00;;PASTILHA FREIO DIANTEIRA/TRASEIRA FORD F250 F350 F4000 ( ANO 1998.. )
BH2X8501AA;1,00;;BOMBA DAGUA MOTOR CUMMINS 
BF0T2001AA;1,00;;PASTILHA FREIO DIANTEIRA E TRASEIRA FORD F250 F350 F4000 ( 1998.. )
C1BC3K155B3A;20,00;;PLACA COXIM AMORTECEDOR
N1WZ16039AB;1,00;;MOLDAR
GJ5Z/    8213/C /;1,00;;EMBLEMA FORD DA GRADE DO RADIADOR
LX6Z/   19712/D /;1,00;;CONDENSADOR DO AR CONDICIONADO
NZ6Z/   13008/D /;1,00;;FAROL DIANTEIRO - LE
BK2Z19N619B;2,00;;ELEMENTO FILT
NZ6Z17C897A;1,00;;SUPORTE DO RADIADOR
GK2Z6731A;2,00;;FILTRO OLEO
BK319601AD;1,00;;ELEMENTO SEC
XC356C646AC ;1,00;;MANGUEIRA ADMISSAO AR AO RESFRIADOR  INTERCOOLER FORD F250 F350 F4000 ( MOTOR CUMMINS 4BTAA 3.9 )
CM5Z9E926D;4,00;;CORPO DA BORBOLETA ADMISSAO DE AR 
B1BZ1104C;2,00;;CUBO DA RODA  CX.803433/03    
5266016;2,00;;FILTRO LUBRIFICANTE OLEO MOTOR CUMMINS ISF 2.8  ( LF17356 )
NZ6Z16072A;1,00;;ISOLADOR LATERAL DO COMPARTIMENTO DO MOTOR LE
NZ6Z16796A;1,00;;DOBRADICA DO CAPUZ LD
NZ6Z16797A;1,00;;DOBRADICA DO CAPUZ
7C4513369AC;2,00;;LANTERNA  DIANTEIRA PISCA FRONTAL  ( CRISTAL LE )
LX6Z8125C;1,00;;ISOLADOR SUPERIOR DO RADIADOR
NZ6Z8310B;1,00;;DEFLETOR DE AR LATERAL LD
MB3Z8005G;1,00;;RADIADOR RANGER 2024/...
JB3Z19E616A;1,00;;MOTOR ELETRICO DO ATUADOR DO AR CONDICIONADO
KL582CAR;2,00;;FILTRO COMBBUSTIVEL
XS2Z9278CA;1,00;;INTERRUPTOR OLEO FORD TRANSIT 2.2 16 2.4 16V MOTOR 1.6 8V ZETEC ROCAM 2.0 16V DURATEC
CN1Z14A626B;1,00;;MODULO DA FEC
BJ3A/    9155/BA/;33,00;;FILTRO COMB.
4M5G6754FB;1,00;;JOGO DE TUBO E VARETA DE NIVEL OLEO  ( MOTORES SIGMA 16V )
NS18B204AA;1,00;;ISOLADOR SUPERIOR DO RADIADOR
KK3Z/   19703/A /;1,00;;COMPRESSOR AR CX.834730/91
AM559155AA;20,00;;FILTRO COMBUSTIVEL PLASTICO
2S6C3289BA;1,00;;TERMINAL DIRECAO HIDRAULICA
96FB8K218CA;1,00;;RESERVATORIO DO RADIADOR SEM TAMPA
2S6C3289CA;1,00;;TERMINAL DIRECAO HIDRAULICA
MB1A2K021BA;1,00;;PASTILHA FREIO DIANTEIRA
86HUE21813AA;1,00;;FECHADURA PORTA COM CHAVE DIANTEIRA ESQUERDA
XS617L586AA;2,00;;PINO PEDAL EMBREAGEM
NZ6Z16B990A;1,00;;VEDACAO DIANTEIRA DOCAPUZ  DO MOTOR
YC1Q6L050AD;2,00;;JUNTA TAMPA DE DISTRIBUICAO FORD TRANSIT 2.4 16V
BJ3A/    9155/B /;13,00;;FILTRO COMBUS
8L552A635ABCAR;2,00;;RANGER TRASEIRO DIREITO 09
8L552A809ABCAR;2,00;;RANGER TRASEIRO ESQUERDO 
6L5Z7A543AB;1,00;;CILINDRO EMBREAGEM MESTRE  FORD RANGER ( SEM RESERVATORIO )
E3B16F012AE;17,00;;SUPORTE ISOLADOR
XC355310EC;2,00;;MOLA SUSPENSAO DIANTEIRA FORD F250 
GN1Z8592B;2,00;;CARCAÇA VALVULA TERMOSTATICA
BH7X9B324AA;2,00;;TUBO SUPRIMENTO COMBUSTIVEL MOTOR ISB 6.7
BH7X9A555AA;2,00;;TUBO DE SUPRIMENTO DE COMBUSTIVEL
C1BZ8K276G;2,00;;MANGUEIRA DO RESERVATORIO DO RADIADOR
2S6516C656AB;1,00;;CABO CAPO DIANTEIRO
PV4Z9F479C;1,00;;SENSOR DE PRESSAO DO AR DE ADMISSAO 
BJ4T5K550BA;4,00;;PAR KIT BATENTE COXIM COIFA TRASEIRO
BJ4T5K550CA;6,00;;KIT DO AMORTECEDOR SUSPENSAO TRASEIRA
BJ4T3K030FA;4,00;;KIT BATENTE AMORTECEDOR DIANTEIRO
BJ4T5K550EA;6,00;;KIT AMORTECEDOR SUSPENSAO TRASEIRA
BJ4T5K550GA;10,00;;KIT DO AMORTECEDOR SUSPENSAO TRASEIRA
BJ4T3K030KA;6,00;;KIT AMORTECEDOR SUSPENSAO DIANTEIRA COM CALCO DE MOLA
BJ4T3K030LA;6,00;;KIT DO AMORTECEDOR SUSPENSAO DIANTEIRA 
BJ4T5K550AA;8,00;;JOGO DE REPARO DA SUSPENSAO TRASEIRA 
2C241012AA;20,00;;PORCA RODA DIANTEIRA / TRASEIRA FORD F350 F4000 ( ROSCA FINA 14X1,5 )
7C4513368AACAR;1,00;;LANTERNA PISCA FRONTAL LD 
BJ4T3K030EA;6,00;;KIT AMORTECEDOR SUSPENSAO DIANTEIRA
BJ4T3K030MA;6,00;;KIT DO AMORTECEDOR SUSPENSAO DIANTEIRA
7C4513369AACAR;1,00;;LANTERNA PISCA FRONTAL LE 
JB3Z5K483A;2,00;;BIELETA DIANTEIRA METAL
2S6588081FA;1,00;;MANGUEIRA RESERVATORIO SAIDA
9S658B273AC;1,00;;MANGUEIRA RADIADOR INFERIOR
W715121S300;5,00;;TUBO REFRIGERACAO METAL
EB3C3078C1B;2,00;;PIVO SUSPENSAO SUPERIOR
AN157H401BA;1,00;;TERMINAL CABO CAMBIO ENGATE MAIOR
2S6C3280LB;2,00;;BARRA AXIAL DIRECAO HIDRAULICA
EB3C3078B1B;4,00;;PIVO SUSPENSAO INFERIOR
2S653A696EA;1,00;;BOMBA DIRECAO HIDRAULICA COM POLIA
BE8Z6065B;2,00;;PARAFUSO CABECOTE JOGO
2S6G6M293A1A;1,00;;TAMPA VALVULA COM FURO SENSOR
BJ4T3K030EA;10,00;;KIT BATENTE
BJ4T3K030BA;38,00;;KIT BATENTE
BJ4T3K030CA;38,00;;KIT BATENTE
BJ4T3K030DA;34,00;;KIT BATENTE SUSPENSAO DIANTEIRA FORD KA
BJ4T3K030AA;78,00;;KIT BATENTE AMORTECEDOR SUSPENSAO DIANTEIRA FORD FIESTA ECOSPORT ( MOTORCRAFT )
CT937K2;1,00;;KIT CORREIA COMANDO
F3B59F593AA;4,00;;BICO INJETOR
CM5G8A504FA;2,00;;FLANGE REFRIGERACAO PLASTICO
SK254S;2,00;;KIT DO AMORTECEDOR TRASEIRO
W8118;1,00;;FILTRO OLEO BLINDADO
2S6516B626AD;1,00;;ALAVANCA CAPO DIANTEIRO INTERNO
5N158B274AD;1,00;;MANGUEIRA RADIADOR SUPERIOR COM ACD
EC358A616ABCAR;4,00;;EMBREAGEM VISCOSA MOTOR ROSCA DIREITA
NS113005BC;1,00;;FAROL DIANTEIRO
XS7Q6065C2C;1,00;;JG PARAFUSO CABECOTE FORD TRANSIT 2.4 16V  ( 18 PECAS 10 MAIOR E 8 MENOR )
5309066;1,00;;POLIA TENSORA
EC352853BB;2,00;;CABO DO FREIO DIANTEIRO F4000 2008/2019
NU5Z15K859AQPTM;2,00;;SENSOR DE ESTACIONAMENTO
AB399155DDCAR;1,00;;FILTRO
2C456750BBCAR;1,00;;VARETA.(F34374)
GN1Z8501E;1,00;;BOMBA AGUA FORD ECOSPORT 1.5 DRAGON 
BK3Z6268A;1,00;;KIT CORRENTE DISTRIBUICAO FORD RANGER MOTOR 3.2 L 5CC ( COMPLETO )
BC45E611A73AC;42,00;;CINTO
501123;4,00;;OLEO LUBRIFICANTE MOTOR DIESEL 15W40 E700 API CI 4 ( GALAO 20L )
XS6E6659A2B;2,00;;JUNTA BOMBA OLEO
AB3Z2624630C;1,00;;PORTA_TRASEIR CX.821067/70
N1WZ/   16612/S /;1,00;;CAPUZ         CX.837854/69
B75W90AAX;2,00;;OLEO SINTETICO  P/ DIFERENCIAL E  CAMBIO  SAE 75W90  
BF9T6A582AA;7,00;;ANEL VEDACAO ESPACADOR TAMPA VAVULA MOTOR
XC351102FB;2,00;;DISCO DE FREIO DIANTEIRO FORD F250 F350 VENTILADO COM CUBO ABS  ( PARAFUSOS M14 X 1.5 M )
GC455246AB;1,00;;TUBO 
M1PZ15A101A;1,00;;REFLETOR LATERAL DO PARA CHOQUE  TRASEIRO LD
NFE865023LFCAR;2,00;;PRESILHA GRADE
AB396C646ECCAR;1,00;;MANGUERA-L.D
BF9T/    6273/BA/   ;1,00;;ANEL DE VEDAC
BF9T/    6273/CA/   ;1,00;;ANEL DE VEDAC
BF9T/    6584/AA/   ;1,00;;JUNTA DA TAMP
BF9T6273AA;2,00;;ANEL DE VEDAC
KK211015CB;1,00;;ASY DA RODA
DATF001;12,00;;OLEO LUBRIFICANTE ATF PARA DIRECOES HIDRAULICAS 01 LITRO
23B141025;1,00;;KIT EMBREAGEM 362MM  MOTOR CUMMINS ISF 3.8 (SISTEMA PUXAR CAMBIO EATON MANUAL)
FS1/   8K218/AC/;2,00;;RESERVATORIO
